trading_date,selected_symbols,selected_count,daily_return,benchmark_return,avg_predicted_return,daily_cost_rate,daily_return_net,cumulative_return,cumulative_return_net,benchmark_cumulative_return
2024-09-27,"PCH,FCN,TCI",3,-0.02235039042498717,-0.010838774334020782,0.0066274070082559255,0.004,-0.026350390424987172,-0.02235039042498721,-0.026350390424987213,-0.010838774334020806
2024-09-30,"TDT,KGM,S99,CRE,EVS,VTD,VIG,VPH,NAF",9,-0.02131912557527778,-0.015139661049527374,0.007671601372010617,0.004,-0.02531912557527778,-0.04319302522013824,-0.05100234715613716,-0.025814340013938786
2024-10-01,"CRE,ITD",2,0.009138499979630232,-0.0216832980773513,0.004999201373424245,0.004,0.005138499979630232,-0.0344492447006024,-0.04612592273632987,-0.046937898062097694
2024-10-02,"VPH,TCI,NHH,TDC,FCN",5,-0.017831703256077126,-0.022626564080314434,0.00708343588042899,0.004,-0.021831703256077126,-0.051666659247782354,-0.06695061853481465,-0.06850241878411478
2024-10-03,"EVS,MAC,PCH,VIG,VPH,GDA,BMS",7,0.008506303610965984,-0.0021299772067915096,0.008810102117112781,0.004,0.004506303610965984,-0.04359984792694227,-0.06274601473790842,-0.07048648740028607
2024-10-04,"DCL,GDA,D2D,BMS,CRE",5,-0.03242922432877997,-0.008435402354131372,0.007251739652790556,0.004,-0.03642922432877997,-0.07461516300659865,-0.09688945042006414,-0.07832730787266662
2024-10-07,"D2D,CSM,ELC,NAF,APG",5,-0.006618495583014128,-0.00203962750082868,0.006235836203184552,0.004,-0.010618495583014129,-0.08073981846282774,-0.10647912580175212,-0.08020717684229228
2024-10-08,"ELC,GDA,NAF,TCI,DSC,VIG,GSP,MAC,VPG",9,-0.006534567218150477,-0.0006044337110757885,0.008067828839943095,0.004,-0.010534567218150477,-0.08674678591005158,-0.11589198151181412,-0.0807631306318144
2024-10-09,"D2D,CTI,GDA,ELC",4,-0.026827947175912942,-0.01464782582863209,0.007262952140916101,0.004,-0.030827947175912942,-0.11124749489588948,-0.143147216803569,-0.09422795218957658
2024-10-10,"PRE,PCH,GDA,ITD,MAC,HT1,SAM",7,0.005343515213306164,-0.004384131613908291,0.007151050207531056,0.004,0.0013435152133061635,-0.1064984323640017,-0.14199602205378092,-0.09819897605937666
2024-10-11,"VPH,PCH,GDA,NAF,VPG,HCD",6,-0.005408596499445417,-0.024743173682836274,0.007123911001352234,0.004,-0.009408596499445417,-0.11133102181496679,-0.15006863527719594,-0.12051239542209913
2024-10-14,"D2D,GSP,NAF,PCH,GDA,DSC,CTI",7,-0.023534298704433448,-0.02049043397709907,0.008255075725110084,0.004,-0.027534298704433448,-0.13224522299693708,-0.17347089935174043,-0.1385334781173796
2024-10-15,"D2D,GDA,CST,APG,BMS,MIG",6,-0.04757992801284574,-0.005045649439583833,0.007007684536367724,0.004,-0.051579928012845735,-0.17353293281954585,-0.21610321086369977,-0.14288013619073692
2024-10-16,"APG,GSP",2,-0.02577319587628868,-0.004863830629322385,0.006065022815272325,0.004,-0.02977319587628868,-0.19483363042728952,-0.23944232351344863,-0.14704902203733305
2024-10-17,"ITD,APG,CTI",3,-0.001382300068838919,-0.004594924941579662,0.006223337897307779,0.004,-0.005382300068838919,-0.19594661195537666,-0.2435358731479581,-0.15096826775991845
2024-10-18,"ITD,APG,DCL,GDA",4,0.009616379487265153,-0.025603375636760264,0.00613011662744628,0.004,0.005616379487265153,-0.18821452944791828,-0.23928728354305429,-0.17270634612799052
2024-10-21,"APG,CST,CRE,NAF,GDA",5,-0.005883863526617716,-0.012530688109608838,0.005523155302814819,0.004,-0.009883863526617716,-0.1929909643695379,-0.24680606421547735,-0.1830729048797194
2024-10-22,"VPH,GSP,DRI,GDA,CRE,APG,NAG",7,-0.0028469289713004713,-0.0020051275202798437,0.005610795354357918,0.004,-0.006846928971300471,-0.1952884617731755,-0.25196312959540823,-0.18471094788020725
2024-10-23,"VPH,NAF,ACC,HCD,EVS,DCL,NHH",7,-0.019962656760289837,-0.013433759736689855,0.006203169331299322,0.004,-0.023962656760289837,-0.21135264200184245,-0.26988808036495493,-0.19566334512233807
2024-10-24,"VPH,ACC,MPC,CRE,NAF,DSC,NHH",7,-0.022499883983276896,-0.008823218303935084,0.008061947855116556,0.004,-0.026499883983276896,-0.22909711606051875,-0.2892359615300911,-0.20276018301818055
2024-10-25,"TTN,NHH,DCL,CRE,TNS",5,0.0190076400189217,-0.011646654807756184,0.005439620521427236,0.004,0.0150076400189217,-0.21444407155304857,-0.2785690707023397,-0.2120453599655665
2024-10-28,"PCH,DCL,NAF",3,-0.0005407932066504584,0.0015340111209967927,0.005808857338815458,0.004,-0.0045407932066504585,-0.21486889486259664,-0.2818449393651621,-0.21083662878491272
2024-10-29,"GSP,PCH,VPG,NAF,NHH",5,-0.011127141188030154,-0.02207265218230741,0.00561411235494016,0.004,-0.015127141188030154,-0.2236051595205747,-0.29270857236228365,-0.2282555573927605
2024-10-30,"ITD,CLX,MPC,HCD",4,-0.012411727527325889,-0.01232317514111902,0.006534353202267529,0.004,-0.01641172752732589,-0.23324156073422697,-0.30431644655508716,-0.2377658993231948
2024-10-31,"TMT,NHH,CTI,MPC,GDA,ITD,MIG",7,0.013225352848621141,-0.0011376666073797147,0.00819126374984228,0.004,0.009225352848621141,-0.22310090982527897,-0.2978985203035752,-0.2386330676065409
2024-11-01,"TTN,GDA,DTL",3,0.0023565968594485933,-0.0021717313692149777,0.007689701523481807,0.004,-0.0016434031405514068,-0.22127007186926473,-0.2990523560802941,-0.2402865520571028
2024-11-04,"PCH,TDC,NHH",3,-0.012610758523424045,0.008455405001051712,0.008055963718665682,0.004,-0.016610758523424043,-0.23109044694788483,-0.3106956281310074,-0.23386286717000027
2024-11-05,,0,0.0,-0.010820349786182607,0.0,0.0,0.0,-0.23109044694788483,-0.3106956281310074,-0.24215273893140388
2024-11-06,"CTI,HCD",2,0.025543319719953272,-0.006198358581853533,0.007702735786259907,0.004,0.021543319719953272,-0.21144994439854825,-0.29584572366347206,-0.24685014800578264
2024-11-07,"CTI,CRE,VCP,LDP,GDA",5,0.001348848619332843,-0.009607126761770066,0.008099753617863036,0.004,-0.002651151380667157,-0.21038630974477535,-0.2977125432453843,-0.2540857541044995
2024-11-08,"CRE,GDA",2,-0.033100329837679465,-0.01944770965537036,0.007238777641608074,0.004,-0.03710032983767947,-0.23652278333657062,-0.3237676395318456,-0.26859207778647975
2024-11-11,"CLX,MIG,CRE",3,-0.03844033833832657,-0.03199042291574004,0.006931060844312127,0.004,-0.04244033833832657,-0.26587110585871676,-0.35246716970543934,-0.29199012654201295
2024-11-12,NAG,1,0.04140786749482395,-0.009293346518456579,0.0040034418520720205,0.004,0.03740786749482394,-0.23547239388599284,-0.3282443473912321,-0.2985699076345466
2024-11-13,"GSP,MIG,CLX",3,-0.015063520874492808,-0.019682181973259067,0.006090280104536383,0.004,-0.01906352087449281,-0.24698887143981718,-0.34105037529729787,-0.3123755823540034
2024-11-14,"GSP,GDA,MIG",3,-0.02497949619214997,-0.015448966929010148,0.007678899908384773,0.004,-0.02897949619214997,-0.2657987100583329,-0.3601464034371885,-0.3229986692417962
2024-11-15,"ITD,HBS,GSP,MIG,VCP,SBB,VIG,GDA,CRE",9,-0.0077803249688939025,0.0012902034508348098,0.008116344198326667,0.004,-0.011780324968893903,-0.27151103468666016,-0.367684086737214,-0.3221251997886322
2024-11-18,"ANT,GSP,MIG,SBB,DVN,MCM,GDA",7,0.0017855337743136745,-0.00023161561561911028,0.012824212782312478,0.004,-0.0022144662256863255,-0.2702102930348784,-0.36908432897109844,-0.3222822061777958
2024-11-19,"GDA,CLX,SAM,TDC",4,0.011854599066509042,0.02483959082172809,0.006328688364177049,0.004,0.007854599066509042,-0.26155892865594177,-0.3641287393303889,-0.305447973486648
2024-11-20,"SBB,GSP,MIG,CMM",4,0.004553654111349836,0.01963888869911827,0.008423375752753204,0.004,0.0005536541113498362,-0.2581963234354263,-0.36377668659263007,-0.2918077435422052
2024-11-21,"ACC,ELC,CTI",3,0.04923875168203266,0.02650468537862157,0.0049818925800867815,0.004,0.04523875168203266,-0.22167083640824436,-0.334994738103074,-0.27303733059721524
2024-11-22,"VIG,SAM,DCL,VLC",4,0.008373462629471362,0.014488236310688851,0.005144569804737653,0.004,0.004373462629471362,-0.21515352624348105,-0.33208636244176604,-0.26250492365385847
2024-11-25,"ANT,PCH",2,0.024103060078936978,0.018172674900738695,0.007736382929495522,0.004,0.020103060078936977,-0.19623632453378592,-0.3186592544583916,-0.2491026653905246
2024-11-26,"MIG,VIG,PCH,TDT,APG",5,0.017616306355175193,0.01621909122639984,0.006656482311230683,0.004,0.013616306355175193,-0.18207697738961137,-0.3093819101348335,-0.23692379301883315
2024-11-27,"PCH,SBB",2,-0.012629943105991415,0.00830141652938109,0.005405427164146159,0.004,-0.016629943105991415,-0.19240729863026107,-0.32086684967725976,-0.2305891795810222
2024-11-28,"MIG,SBB,GSP",3,0.03870496308758953,0.017550787548371118,0.007083116799273315,0.004,0.034704963087589524,-0.16114945293393856,-0.29729755876375064,-0.2170854137344308
2024-11-29,"GSP,IDV",2,0.004528374767369059,0.009690349832788242,0.008391200305585489,0.004,0.0005283747673690588,-0.15735082328301098,-0.29692626852483284,-0.2094986975043247
2024-12-02,"GSP,DVN,ELC",3,-0.0041150214087299535,0.014920955246746546,0.006936965211674491,0.004,-0.008115021408729953,-0.16081834268525008,-0.3026317269076695,-0.1977036629472918
2024-12-03,"NAG,GSP,VPH,LAI,CLX,TDC",6,0.028932708719157058,0.009756406889175817,0.005500587227077691,0.004,0.024932708719157058,-0.13653854423170286,-0.28524444688467676,-0.18987613343731025
2024-12-04,"L14,HT1,GSP,CRE,VPH,FCN",6,0.04698553716314805,0.023450164274644594,0.004874692949653296,0.004,0.042985537163148055,-0.09596834391275566,-0.2545202954936716,-0.17087859568360497
2024-12-05,"GSP,HT1,NAF,VLC,PSB",5,-0.011543093824430795,-0.005853657644073147,0.006418080361740719,0.004,-0.015543093824430795,-0.10640366613922625,-0.2661073564850224,-0.1757319885298464
2024-12-06,"GSP,MPC,VIG,VLC,APG",5,0.0026441695680414546,0.010763248049984122,0.007668006875752464,0.004,-0.0013558304319585455,-0.10404084590711815,-0.2671023904648905,-0.1668601874627259
2024-12-09,"APG,VLC,GSP,CRE,GDA,TVN,HT1",7,0.03133593411614165,0.011327535540807374,0.006802174244946605,0.004,0.027335934116141648,-0.07596512888370954,-0.24706794969676105,-0.1574227666257484
2024-12-10,"PHC,IDV,AVG,VLC,HT1,GSP,SAV,LAI,PCH",9,0.0021810239966397996,-0.004781424122141032,0.00813026376203226,0.004,-0.0018189760033602005,-0.07394978665607299,-0.24843751502842348,-0.1614514857341709
2024-12-11,"VLC,HT1,GSP,GDA,AVG,PSB,FCN,CLX,BMS",9,0.03564230990330435,0.016015207953997586,0.006700182901583708,0.004,0.031642309903304355,-0.04094321796604772,-0.22465634196725537,-0.1480219568986878
2024-12-12,"ACC,SAM,TCI,TS3,MIG",5,0.027542566320188987,-0.010951518373474379,0.0067018013702746515,0.004,0.023542566320188987,-0.014528332942050581,-0.20640276247708156,-0.15735241009150858
2024-12-13,"ACC,PSB,NAG,GSP,MIG,GDA,HT1",7,0.02344215194197617,0.015078696378747765,0.006594059036329115,0.004,0.01944215194197617,0.008573243611634362,-0.1909735244044285,-0.1446463829289949
2024-12-16,"ACC,GDA,MIG,SAM",4,0.02307147278861385,0.01647104512535494,0.007003916853721592,0.004,0.01907147278861385,0.031842513756944246,-0.17554419798983933,-0.1305578149040828
2024-12-17,"ACC,BMS,MIG,CRE",4,0.02852365773287277,0.016597821645253287,0.007299999743733021,0.004,0.02452365773287277,0.06127443645357422,-0.15532552608546113,-0.11612696858500138
2024-12-18,"BMS,ACC,GDA,VLC,NAG,CLX",6,0.01848814280312494,0.0021712483980306616,0.007977874553654063,0.004,0.01448814280312494,0.08089542978803377,-0.14308776168523285,-0.11420786068147903
2024-12-19,"CRE,ACC,NAG,GDA",4,0.02527058510251534,0.01438823794964107,0.007019866607727077,0.004,0.02127058510251534,0.10821028973341207,-0.12486073699477163,-0.10146287260704245
2024-12-20,"TCI,S99,GDA,VPH,LAI,VLC,PCH",7,0.0008768974372563695,0.004811338649365272,0.006037566900826448,0.004,-0.0031231025627436303,0.10918207649642042,-0.12759388666982086,-0.09713970619812706
2024-12-23,"DHM,AGG,NAG,LDP",4,0.001517096928353251,-0.006438349488682707,0.008330307121499902,0.004,-0.002482903071646749,0.11086481321765773,-0.12975998648833176,-0.10295263630907825
2024-12-24,"TCI,MPC,NAG,ACC",4,0.00022653067502184654,0.0036660656763934122,0.006555710210923382,0.004,-0.0037734693249781535,0.1111164581736539,-0.1330438104846866,-0.09966400175895174
2024-12-25,"GDA,VLC,AGG,VPH,TCI,VIG,CTP,NAG,PHC,LBM",10,-0.02760076111964067,-0.024029516941888596,0.007411600837066512,0.004,-0.03160076111964067,0.08044879823550155,-0.160440285930754,-0.1212986408820772
2024-12-26,"SBB,GDA,HBS,AGG,NAG,NHH,NAF,BMS,VPH",9,-0.036505989381563145,-0.03098969463433507,0.0103787949363165,0.004,-0.04050598938156315,0.04100594587979378,-0.194447482794031,-0.14852932767591687
2024-12-27,"APG,MCM,GDA,NAG,CLX,BMS",6,-0.03609777909005065,-0.04299964241224344,0.007914351142195594,0.004,-0.04009777909005065,0.0034279432139958654,-0.22674834967439017,-0.18514226211036489
2024-12-30,"CLX,HBS,VTD",3,0.006150435257243421,-0.020526732464148455,0.007440901449639714,0.004,0.002150435257243421,0.009599461814042476,-0.2250855220628083,-0.20186862889236667
2024-12-31,"APG,CRE,MIG,HBS",4,-0.019943271055610307,-0.02580056606957811,0.006761690983394575,0.004,-0.023943271055610307,-0.010535253910513243,-0.2436395094529753,-0.22246087006483217
2025-01-02,"APG,CRE",2,-0.01687975065992431,-0.03987748480842962,0.005624044875290557,0.004,-0.02087975065992431,-0.027237172111289065,-0.25943212790461523,-0.2534671749067814
2025-01-03,"TCI,CLX,APG,MPC,MIG",5,-0.00013335227683592966,-0.02839122841963297,0.009878018992229398,0.004,-0.00413335227683593,-0.027366892249209407,-0.2624931558048923,-0.2746621588667568
2025-01-06,"CRE,TDT,EVS,CLX,GEE",5,-0.0023775055987235393,-0.01993660799010403,0.008301843589778191,0.004,-0.00637750559872354,-0.029679332908390754,-0.26719660983284355,-0.28912293506581865
2025-01-07,"MPC,ELC,SBB,GSP",4,-0.00876341098324579,-0.004523265797979739,0.007570660514819139,0.004,-0.01276341098324579,-0.03818265169965174,-0.2765496806714628,-0.2923384209802037
2025-01-08,"LAI,ACC,ELC",3,-0.028054705236069233,-0.004449898069470992,0.006518338004343353,0.004,-0.032054705236069236,-0.06516615389715574,-0.2997396674104792,-0.29548744287452267
2025-01-09,"NHA,SBB,APG,LAI",4,-0.005560516735239107,0.004260307115375506,0.006694333544396858,0.004,-0.009560516735239107,-0.07036431314307845,-0.3064345180392254,-0.29248600301452965
2025-01-10,"PLP,HT1,DRI,VPG",4,0.028574013987162916,0.019522998417328633,0.008128727969319016,0.004,0.024574013987162916,-0.043800890023863004,-0.28939083018450795,-0.2786732083711445
2025-01-13,"SAM,HT1",2,0.04074651310228228,0.023199467288816573,0.0054705522284772545,0.004,0.036746513102282274,-0.004839110460829632,-0.263278421015281,-0.2619388110642039
2025-01-14,"NHA,MIG,DRI",3,-0.06011858698679514,-0.002458864518690177,0.009955425734555842,0.004,-0.06411858698679514,-0.06466677696444667,-0.3105159676624618,-0.26375360353430044
2025-01-15,NHA,1,0.0061823802163833985,0.0010202205726020583,0.00839075386247834,0.004,0.0021823802163833984,-0.0588841913506255,-0.3090112513507761,-0.263002469814122
2025-01-16,"NHA,EVS",2,0.01034661148473881,-0.0021722833869162878,0.007135195528075178,0.004,0.00634661148473881,-0.049146831716384676,-0.3046258142227737,-0.26460343730514313
2025-01-17,NHA,1,-0.010136847440445962,-0.010316312395185425,0.00674520454851435,0.004,-0.014136847440445962,-0.05878548522154037,-0.3144562130011307,-0.2721900179802488
2025-01-20,"EVS,ITD",2,-0.03160160245482441,-0.017618660182260534,0.007285533316881421,0.004,-0.03560160245482441,-0.08852937214227974,-0.3388626703712393,-0.2850130547307119
2025-01-21,"CTP,HBS,CLX",3,0.054090473096321055,0.02136373612749299,0.0153086238938868,0.004,0.05009047309632106,-0.039227494668054974,-0.30574598874849634,-0.26973826229737663
2025-01-22,"DSC,CTP,EVS,TCI,ITD",5,0.026587028772515574,0.03042312123701621,0.0107295059749704,0.004,0.022587028772515574,-0.013683408424952637,-0.29006485342092425,-0.24752142091649554
2025-01-23,"L14,GSP,BMS,TCI",4,0.023573004303176992,0.018046765723823435,0.012877671376292976,0.004,0.019573004303176992,0.009567036832540898,-0.2761692897419554,-0.23394161628757992
2025-01-24,"TV1,L14,TNS,NHA,GSP,SAM,TCI",7,0.008820240786397458,-0.013927238710702984,0.007230345688020723,0.004,0.0048202407863974575,0.018471661187413835,-0.27268025142992247,-0.24461069426387816
2025-02-03,"ITD,CLX,TCI,NAF,NHA",5,0.05645505038579779,0.02763310748982,0.007274228998239929,0.004,0.052455050385797786,0.07596953013625662,-0.23452865737209316,-0.22373694038181147
2025-02-04,"GSP,VIG",2,0.013947499069132507,0.009420070831293396,0.007118118013476948,0.004,0.009947499069132507,0.09097661415624714,-0.22691413190385434,-0.21642448737649156
2025-02-05,"D2D,VIG",2,0.03786549707602338,0.020434245879140688,0.00882845315319758,0.004,0.033865497076023376,0.13228698594959054,-0.2007331946983293,-0.20041271268666905
2025-02-06,"CSC,VIG,NAF,MIG",4,0.035614380805674334,0.010377362536664436,0.005506110649493023,0.004,0.03161438080567433,0.17261268584850842,-0.17546486955018747,-0.19211510552651068
2025-02-07,"AVG,S99,VPH,EVS,VTD,NAF",6,-0.020414910284261328,0.017827770652268187,0.00989515673311018,0.004,-0.024414910284261328,0.1486739030687243,-0.1955958207863414,-0.1777123189144053
2025-02-10,"VIG,D2D,AVG,VPH,MIG,EVS",6,0.03010200163074696,0.0140685302327633,0.006805842042930073,0.004,0.02610200163074696,0.18325128677209546,-0.17459926158872685,-0.1661439398130239
2025-02-11,"AVG,VIG,AGG,BMS,MIG,THT,NHA",7,0.019600176420959237,0.010183461319321173,0.008147090198472404,0.004,0.015600176420959237,0.20644322074315546,-0.16172286445152095,-0.15765239887822824
2025-02-12,"S99,AFX,BMS,TTN",4,0.014201796686451634,0.02301174094563233,0.010701167135070744,0.004,0.010201796686451634,0.2235768820778976,-0.1531709315477543,-0.13826851409503926
2025-02-13,"AVG,PHC,AGG,CST,DCL,NAF",6,-0.006533109847721615,0.013990257121897111,0.011432588758058452,0.004,-0.010533109847721614,0.2155831199001501,-0.16209067514800557,-0.1262126690371944
2025-02-14,"VPH,TNT,CST,D2D,EVS,VLC",6,0.026360377659929563,0.02186285505933484,0.008682948369460633,0.004,0.022360377659929563,0.24762635001775335,-0.14335470619953838,-0.10710918326767149
2025-02-17,"LBM,CST,SD3,L14,SAM,HBS,S99,PCH",8,0.016352470165079985,0.01045082413603354,0.007709741171039369,0.004,0.012352470165079985,0.2680281226835861,-0.1327730207658121,-0.09777773836932258
2025-02-18,"CRE,PHC,S99,NAF,VLC,VPH,ACC,D2D",8,0.004033498494857207,-0.0022807091079734606,0.00729406565489954,0.004,3.3498494857207156e-05,0.2731427122078669,-0.1327439699673083,-0.09983544489884011
2025-02-19,"MCO,PHC,ACC,TCI,VIG,HBS,VPH,VCP,PCH,VLC",10,-0.002001947988013608,0.014957247186110237,0.00955730946929485,0.004,-0.006001947988013608,0.2705939467167082,-0.1379491955518557,-0.08637146114001726
2025-02-20,"TS3,L14,VIG,TCI,S99,NHH,VCP",7,-0.006951213303364361,-0.005648682426491486,0.009068668029440603,0.004,-0.010951213303364361,0.2617617771711169,-0.14738969778970412,-0.0915322586118168
2025-02-21,"TDT,TCI,NHH,DVN,DSC,VIG",6,0.016227481503858388,0.007438643993444973,0.007173391382913323,0.004,0.012227481503858387,0.28223699307243666,-0.13696442108942863,-0.08477449050410102
2025-02-24,"TV1,D2D,TCI,LBM,PHC,L14,ACC,VIG,TTN,PCH",10,0.004216577516030306,-0.003608824273348394,0.008988195041952451,0.004,0.00021657751603030607,0.28764364474764825,-0.13677750698750235,-0.08807737853835751
2025-02-25,"TCI,CRE,L14,MCM,S99,EVS,TNT,VLC,DVN,HBS",10,-0.005984074506820336,-0.0016475201591960164,0.008946457636886108,0.004,-0.009984074506820336,0.2799382892392446,-0.1453959846737024,-0.08957978944084244
2025-02-26,"TCI,HCD,L14,TV1,VLC,VIG,EVS,VPH,NAF",9,-0.019975433834486522,-0.016242159362706437,0.007244333595044851,0.004,-0.023975433834486522,0.2543709666303202,-0.16588548669784453,-0.10436697958777308
2025-02-27,"TDT,CRE,VLC,TCI,TV1,APP",6,-0.02560954108966229,-0.037356480977695006,0.009549328562049412,0.004,-0.02960954108966229,0.22224710181872154,-0.19058323465294835,-0.13782467747779792
2025-02-28,"TV1,EVS,L14,GSP,TCI,VPH",6,-0.018698333633640207,-0.02666328301112108,0.0062271708477066685,0.004,-0.022698333633640207,0.19939311772616541,-0.2089556464414576,-0.16081310210741195
2025-03-03,"VLC,TV1,VPH,EVS,GDA",5,-0.006971335019675817,-0.02870362149171014,0.007321156870534651,0.004,-0.010971335019675817,0.1910317464822029,-0.2176344590597713,-0.18490080518532315
2025-03-04,"CRE,NAF,GDA,GSP,TCI,EVS,MIG,PSB",8,-0.03136214357646845,-0.021867392401599194,0.007340328319060813,0.004,-0.035362143576468455,0.1536784378448961,-0.24530058164778112,-0.20272489912456326
2025-03-05,"LAI,L14,VPH,TT6,TNT,EVS,NHH",7,0.02423962331616956,0.0047209636373520365,0.007376932815588251,0.004,0.02023962331616956,0.1816431686062432,-0.23002574970340006,-0.19896099236436415
2025-03-06,"CVT,GDA",2,0.020597284879732225,-0.011161272368273521,0.013307340967762094,0.004,0.016597284879732225,0.20598180957621537,-0.21724626772116917,-0.20790160690619697
2025-03-07,L14,1,0.009740259740259827,-0.02625138532026196,0.005373930002187777,0.004,0.005740259740259827,0.21772838564351638,-0.21275305798523092,-0.22869528703486275
2025-03-10,"CRE,PSB,DST,S99,BMS,L14",6,-0.014463856656718713,-0.014083919855353419,0.007115763419001035,0.004,-0.018463856656718715,0.2001153368267512,-0.2272886726760317,-0.23955828079632013
2025-03-11,"CRE,ACC,AFX",3,-0.01746741796420348,-0.012033821344643942,0.007321532384169475,0.004,-0.02146741796420348,0.1791524206331474,-0.24387678970536975,-0.24870930058823115
2025-03-12,"NAF,ACC,CRE,NHH,HMR",5,0.0013962830001581939,-0.009449342348595458,0.007600624180034554,0.004,-0.0026037169998418064,0.1807988511126728,-0.24584552056198883,-0.25580850361028873
2025-03-13,"CRE,ACC,TNT,TV1,MIG",5,-0.01977300511052944,-0.0030461322296748794,0.006806059889305649,0.004,-0.02377300511052944,0.15745090939511464,-0.2637740388557974,-0.2580754093124914
2025-03-14,"NAF,DST,TTN,S99,GDA",5,-0.018502233116036226,0.0036011020276578228,0.008424487800995539,0.004,-0.022502233116036226,0.13603548284911815,-0.28034076705954214,-0.2554036631645974
2025-03-17,"CRE,VPH,NHH",3,-0.03701241981765879,-0.012796214662008844,0.006329267644100689,0.004,-0.041012419817658796,0.09398806063014997,-0.3098557336465505,-0.26493167772728865
2025-03-18,"TDT,LSG,MIG,VLC,LBM,THT",6,-0.0019786679914147176,-0.021592877909392915,0.006290774358202393,0.004,-0.005978667991414718,0.0918234214715914,-0.31398187708125624,-0.2808039182651856
2025-03-19,,0,0.0,-0.016602031490736965,0.0,0.0,0.0,0.0918234214715914,-0.31398187708125624,-0.29274403426216156
2025-03-20,"NHH,NAF,VLC",3,-0.04228531977666713,-0.027373100678006065,0.006896985428804052,0.004,-0.046285319776667125,0.045655318955010404,-0.34573444527313923,-0.3121038230174238
2025-03-21,"NAF,TVN",2,-0.06420999720037662,-0.028271949758773667,0.005303319050099398,0.004,-0.06820999720037663,-0.021486206147649844,-0.3903618969293613,-0.33155198917232764
2025-03-24,"SD3,SAM,ELC",3,-0.07429153489761513,-0.02762002051871399,0.005769929141819323,0.004,-0.07829153489761513,-0.09418149781142948,-0.4380913997508321,-0.3500145369470815
2025-03-25,"PHC,NAF,EVS",3,-0.036266657769547996,-0.03453810666166728,0.010745559083820725,0.004,-0.04026665776954799,-0.12703250743162686,-0.46071758105483107,-0.3724638041985364
2025-03-26,"EVS,ELC",2,-0.09601213697442568,-0.06703653994555976,0.005562342828253186,0.004,-0.10001213697442568,-0.21084798190232246,-0.5146523682062749,-0.41453165945566584
2025-03-27,"PHC,BMS,VTD",3,-0.060447798903484395,-0.1146827640796223,0.007011140368759235,0.004,-0.0644477989034844,-0.2585504843965698,-0.5459319547783993,-0.4816747870303997
2025-03-28,NHA,1,-0.147117296222664,-0.1317225126282428,0.004125773314216152,0.004,-0.151117296222664,-0.36763053241775034,-0.6145494900733979,-0.5499498864413246
2025-03-31,"VIN,AGG",2,-0.02286585365853655,-0.09810899262469458,0.008819938481603895,0.004,-0.02686585365853655,-0.38209020012161277,-0.6249049470656943,-0.5941038497131956
2025-04-01,"PHC,TDT,AGG",3,-0.0826932678718711,-0.0932572943269109,0.01103341016414546,0.004,-0.08669326787187111,-0.4331871807236105,-0.6574231629671418,-0.6319566264666521
2025-04-02,,0,0.0,-0.07956150586054991,0.0,0.0,0.0,-0.4331871807236105,-0.6574231629671418,-0.6612387114869621
2025-04-03,"LAI,BCA,MML,MPC,PPH,TV1,TCW,DVN,GDA,ONE",10,-0.0013421873977373044,-0.02145344509355854,0.0333007741315279,0.004,-0.005342187397737305,-0.4339479497465192,-0.6592532726286954,-0.6685063081898996
2025-04-04,"MPC,CSC,GDA,S99,IDV,LSG,LBM,HBS,VNL,TTN",10,0.014719480239470773,0.013998816292303606,0.014758316317933385,0.004,0.010719480239470773,-0.4256159577783012,-0.6556006448179743,-0.6638657888961925
2025-04-08,"DVN,ELC,NHH,L14,HCD,MIG,NHA,MML,IDV,CSC",10,0.05455995248866754,0.08612138411748924,0.030505044017255754,0.004,0.05055995248866754,-0.39427759172443655,-0.6381878297828434,-0.6349174453866924
2025-04-09,"GSP,HCD,DVN,VIG,VPH,CST,DSC,S99,TCI,MIG",10,0.09173354810413202,0.10029361735515596,0.02109855972492667,0.004,0.08773354810413202,-0.33871252604713953,-0.6064447643424362,-0.5983019953512625
2025-04-10,"OIL,SAM,BVS,TVN,TCI,BTP",6,0.030032978504238583,0.008325009541556133,0.013446035777907003,0.004,0.026032978504238583,-0.318852093556791,-0.5961993493523323,-0.5949578556297377
2025-04-11,"LAI,CSC,GSP,NHH",4,-0.010007464197294064,-0.013923100011372824,0.007708265170610407,0.004,-0.014007464197294064,-0.32566865684358326,-0.6018555725091235,-0.6005972979146257
2025-04-14,"CTP,L14,ELC,SAM,NHH,TVN",6,-0.00871753851565906,-0.009979568257195901,0.019379735535342706,0.004,-0.01271753851565906,-0.33154716629986547,-0.6069189896005338,-0.6045831644421953
2025-04-15,"CTP,AVG,ELC,GDA,HT1,L14,TTN,VNP",8,-0.018182557840908997,-0.010014052713473361,0.011129183955749716,0.004,-0.022182557840908997,-0.34370134861253765,-0.6156385318498828,-0.608542889477266
2025-04-16,"CTP,L14,ELC,TVN,SAM,MCM",6,0.006012993874107068,0.0014764510581076612,0.0098650371997732,0.004,0.0020129938741070682,-0.33975502884216,-0.6148648145690538,-0.607964922212231
2025-04-17,"TDC,ELC,CRE,HT1",4,0.05520292756425871,0.0009259170587827029,0.006781889171655897,0.004,0.051202927564258705,-0.30330757352466775,-0.5951447655669857,-0.607601930246066
2025-04-18,"AVG,CST,CRE,EVS",4,-0.01736297231566114,0.0027783846643272343,0.010199001074419234,0.004,-0.02136297231566114,-0.3154042248380897,-0.6037936767320287,-0.6065116974667502
2025-04-21,"THT,TDC,CRE",3,0.012627436612664597,0.0026096517225461654,0.006563171576750386,0.004,0.008627436612664597,-0.30675953508193465,-0.6003754317924973,-0.6054848300402424
2025-04-22,"CST,AVG,SBB,PCH,HAP,EVS,BMS",7,0.06747049483353222,0.0396866109231446,0.012079960175624547,0.004,0.06347049483353222,-0.25998625787528484,-0.5750110627007304,-0.5898278599867712
2025-04-23,"HAP,ELC,PCH",3,0.04650802148997313,0.050553335992969475,0.01071255029019961,0.004,0.042508021489973125,-0.22556968285367318,-0.5569456238210122,-0.5690922899777271
2025-04-24,"NHA,NAF",2,0.07877842606056595,0.035293381623179076,0.01033330019866896,0.004,0.07477842606056595,-0.16456128137530068,-0.5238147149111017,-0.5538840997235409
2025-04-25,"CST,PHC,AFX,THT,TCI",5,-0.009689935052565258,0.022148081040261152,0.01102905677017696,0.004,-0.013689935052565258,-0.17265662829917228,-0.530333660536956,-0.5440034886108688
2025-04-28,"NHA,BVS,CST,AFX,HT1",5,0.029959622535101184,0.019305256442283942,0.0066201032856652905,0.004,0.025959622535101184,-0.14786973317609764,-0.5181412996470527,-0.5352003590217147
2025-04-29,"CRE,PCH,AFX,NAF,ELC",5,0.011366725402562849,0.018685231832794993,0.006947885408576137,0.004,0.007366725402562849,-0.13818380242589767,-0.5145915789187167,-0.5265154699742356
2025-05-05,"HAP,THT,NHA,NAF",4,0.030319875164425747,0.022672203775632768,0.011050249226697062,0.004,0.026319875164425747,-0.1120536429007708,-0.5018156898720962,-0.5157805322248817
2025-05-06,"PHC,HAP,AFX,ACC",4,-0.002669049994973305,0.01034602721911034,0.009493252974464073,0.004,-0.006669049994973305,-0.11442361612072305,-0.5051381059430505,-0.5107707844312572
2025-05-07,"TS3,HAP,HIO,CRE,MIG",5,0.026846994727880037,0.022039653287484817,0.008927569385399537,0.004,0.022846994727880036,-0.09064855161158103,-0.4938319988585027,-0.49998834214201393
2025-05-08,"NAF,GSP",2,0.020801623541349623,-0.00020250736420594773,0.005716061357724289,0.004,0.016801623541349623,-0.07173256511542403,-0.48532755465464583,-0.5000895981849189
2025-05-09,"HAP,L14,ACC,CRE",4,0.009560254752376124,0.004191569991717003,0.007955293925761164,0.004,0.005560254752376124,-0.0628580919595928,-0.4824658447444973,-0.49799418874612367
2025-05-12,"L14,NAF,TV1,AFX,CRE,MPC",6,0.03367721298614662,-0.0014872947375692655,0.0063127774475055425,0.004,0.02967721298614662,-0.031297764324272115,-0.46710687339137424,-0.49874081934743075
2025-05-13,"TCI,PCH,NHH,THT,PHC,MIG,AFX,CLX",8,-0.004672425210078074,-0.0077197503617812925,0.007288566305003741,0.004,-0.008672425210078074,-0.03582395307130237,-0.47172834917685225,-0.5026104150886197
2025-05-14,"HCD,THT,HAP,L14,EVS,NHH,TCI,LSG,HT1",9,0.00029251112968562174,-0.00855354192082729,0.010290857924991379,0.004,-0.0037074888703143784,-0.03554192084659946,-0.47368691044278166,-0.5068648577541419
2025-05-15,"HAP,L14,LDP,SAM,HCD,MIG,S99,CRE,NHH,TCI",10,-0.0038323829790839923,-0.011669007963569587,0.009692997263862146,0.004,-0.007832382979083993,-0.03923809357318697,-0.4778091961270987,-0.5126192556561249
2025-05-16,"L14,SAM,BMS,TCI,VPH,CRE",6,-0.0006642459889194171,-0.020887467604793285,0.008088026822352212,0.004,-0.004664245988919417,-0.039876275815837636,-0.4802448224895135,-0.5227994051648077
2025-05-19,"HIO,L14,SAM,GSP,LDP,TVN,NHH",7,0.021677329726567312,-0.0008790528424671892,0.01479563940947583,0.004,0.017677329726567312,-0.019063357268397807,-0.4710569388395701,-0.5232188897041246
2025-05-20,"HCD,OIL,S99,EVS,MPC,NHH,TCI,DVN,HAP,MIG",10,0.02702223114714879,0.013934056273805548,0.0095345655892628,0.004,0.02302223114714879,0.0074437394322037775,-0.4588794894218542,-0.5165753948829743
2025-05-21,"NAF,SAM,HAP,L14,LSG",5,0.031895620238448344,0.019849623429328285,0.00630823587006617,0.004,0.027895620238448344,0.039576782356735674,-0.443784597155531,-0.5069795985149297
2025-05-22,"TCI,TTN,VBB,LSG,DSC,S99,NHH,AVG",8,0.05238453675089705,0.0239637009807698,0.007703170445109042,0.004,0.048384536750897045,0.09403453051748145,-0.4168723725551877,-0.4951650050363223
2025-05-23,"VIG,NAF,CST",3,0.00449925073364658,0.023183821813125605,0.015230477228386663,0.004,0.0004992507336465798,0.09895686618154698,-0.4165812456593764,-0.4834610004680543
2025-05-26,"CTP,HAP,VIG,L14",4,0.028453988170625027,0.014869520835805256,0.011119640910863815,0.004,0.024453988170625027,0.13022657185190378,-0.40231433034221,-0.4757803130520081
2025-05-27,"VIG,VNR,EVS,TCI,NAF,MIG",6,0.013594996899142916,0.008389535897293056,0.00836568371777835,0.004,0.009594996899142916,0.14559199859155925,-0.3965795381951813,-0.4713823531702902
2025-05-28,"TCI,MPC,LSG,AGG,HAP,CST,NAF,HT1",8,0.0074302323049546815,0.006995467944420315,0.007701184386410237,0.004,0.0034302323049546814,0.15410401326779177,-0.3945096658336278,-0.467684425367038
2025-05-29,"PHC,NAF,EVS,MPC,TNT",5,0.008521564785110524,0.014032742214583727,0.007817087958366243,0.004,0.004521564785110524,0.16393878538560913,-0.3917719020609364,-0.46021457813140565
2025-05-30,"HAP,TDT,TCI,NAF,NHH,CLX,SAM",7,0.007282859867760608,0.0013783179212158334,0.006844931764735758,0.004,0.003282859867760608,0.172415588454224,-0.3897751744477679,-0.45947058221083303
2025-06-02,"MPC,GMH,NAF,HBS,VPH,S99,SAM,LSG",8,0.0070241146676069816,0.005644348293509217,0.009929904063857437,0.004,0.0030241146676069815,0.18065076998561636,-0.38792978460227756,-0.45641964591394324
2025-06-03,"NAF,HAP,MPC,TCI,PHC,VLC,DSC,S99,SAM,CSC",10,-0.010670479228569863,-0.016140433389803723,0.00784611308910863,0.004,-0.014670479228569863,0.1680526604682897,-0.39690914798369614,-0.4651932684110752
2025-06-04,"VPG,HAP,PHC,VBB,TDT,TCI,NAF,BMS,TTN",9,-0.017355395291450755,-0.011483199244660486,0.007423746140966105,0.004,-0.021355395291450755,0.1477806448246317,-0.4097883915251622,-0.4713345606672965
2025-06-05,"HBS,L14,VPG,LAI,VNP,VBB",6,-0.04015346614078561,-0.017979475260895873,0.0068782859364343585,0.004,-0.04415346614078561,0.10169327356561686,-0.4358482797958546,-0.4808396878550695
2025-06-06,"L14,PCH,NAF,TTN,DVN,VPH",6,0.02259563780735757,-0.007722220249704153,0.005949001143604897,0.004,0.01859563780735757,0.12658673574990753,-0.42535751873854066,-0.48484875813035777
2025-06-09,"L14,VNR,VPH,NAF,TCI,LSG",6,0.009686995505476248,0.0002707674185773223,0.010611060725230917,0.004,0.005686995505476248,0.13749997639564593,-0.42208952953035095,-0.48470927195841984
2025-06-10,"L14,NAF,ACC,HCD,HAP,PCH",6,0.005162779304443273,0.0016169981567197905,0.009542463620133557,0.004,0.0011627793044432727,0.14337263773258613,-0.42141754719546776,-0.4838760478010018
2025-06-11,"TV1,HAP",2,-0.0045289198998849645,0.0075950837040109015,0.0093743806662141,0.004,-0.008528919899884965,0.13819439464057504,-0.42635223059091654,-0.4799560431824055
2025-06-12,"EVS,HAP,TTN,JVC,VPH,DVN",6,-0.0020682739553563403,0.0021203533847744963,0.006946574860555536,0.004,-0.00606827395535634,0.13584029681800724,-0.42983328240956997,-0.47885336621833574
2025-06-13,"L14,S99,HAP,VPH,GSP",5,0.00980179968069419,0.00529757076255585,0.009360996610775097,0.004,0.00580179968069419,0.1469735758766777,-0.4265252893295113,-0.4760925550482097
2025-06-16,"L14,PHC,VNP,TVN,GSP",5,-0.026258209087236372,0.0021037847213706273,0.006939860097264416,0.004,-0.030258209087236372,0.11685610390377277,-0.44387760703122137,-0.47499036657010785
2025-06-17,"EVS,MIG,GSP,VNP,TTN",5,-0.017456753236296252,-0.012869097843971961,0.007476379620159257,0.004,-0.021456753236296252,0.09735942249747342,-0.455810187986331,-0.481746766911745
2025-06-18,"TTN,L14,VNP,MIG,VLC",5,-0.021527734458725023,-0.015570965422254956,0.0074734605227238845,0.004,-0.025527734458725023,0.07373576024416795,-0.4697021210025595,-0.4898164700841341
2025-06-19,"BVS,HIO,LAI",3,0.0010772042455572766,0.009110868867213488,0.006973565361815999,0.004,-0.0029227957544427233,0.07489239296370975,-0.47125207339188324,-0.4851682548448586
2025-06-20,"CTP,GSP,VNR,VLC,HT1,DST,MIG",7,0.025367059062456083,0.011074481400151817,0.007484415702238615,0.004,0.021367059062456083,0.10215925178180507,-0.45995428521489634,-0.4794667602589303
2025-06-23,"VNP,GSP,MIG",3,0.026454603317233854,-0.003545708431502244,0.008699037845614136,0.004,0.022454603317233854,0.13131643758011213,-0.4478277729162248,-0.48131241935595737
2025-06-24,"VPH,VLC,DVN,HBS",4,0.004976396254024851,0.008179976448243776,0.0057156550500309655,0.004,0.0009763962540248507,0.13694631646220246,-0.4472886340221236,-0.47706956716229254
2025-06-25,"VBB,HPD,BVS,HAP,VLC,ELC,NHH",7,0.01858608560697344,0.02632178408690118,0.00748325422307342,0.004,0.014586085606973439,0.1580776980305021,-0.439226738722023,-0.46330510521666857
2025-06-26,"JVC,VBB,AGG,HAP",4,0.08468014712626787,0.032578109601172744,0.006028524600108998,0.004,0.08068014712626786,0.2561438878833746,-0.39398346949763874,-0.4458206001120273
2025-06-27,"SMT,AGG,HAP,VLC,MIG",5,0.045810637026032476,0.03790231585875788,0.006381048715453419,0.004,0.04181063702603248,0.3136886395836691,-0.36864553230902897,-0.4248159174550564
2025-06-30,"GDA,GSP,CLX,CRE,MIG",5,0.02649791836290589,0.04174987361240712,0.005171101398373778,0.004,0.02249791836290589,0.3484986539096342,-0.3544413710368616,-0.4008020547049367
2025-07-01,"DST,PHC,CLX,VPH,MIG,NHH,BVS,VLC",8,0.04279028280486959,0.056725341722348076,0.007108290959363328,0.004,0.03879028280486958,0.40620129267241345,-0.32939996925225756,-0.3668123464987454
2025-07-02,"DCL,DST,EVS,NHH,CRE",5,0.04116487440144014,0.04249899447284547,0.00942797068409713,0.004,0.037164874401440146,0.4640873922684161,-0.3044772033359159,-0.33990250791232157
2025-07-03,"GSP,SAV,VBB,LAI,CLX,VRG,EVS,GDA,S99",9,0.04268737487137485,0.043506579446766044,0.006665121265959047,0.004,0.038687374871374844,0.5265854396266314,-0.27756925216978545,-0.311183923930198
2025-07-04,"VPG,DCL,MIG,VRG,ACL,S99,GSP,JVC,TTN",9,0.04662950122673067,0.04459156723124218,0.009084907708440997,0.004,0.042629501226730676,0.5977693572564104,-0.24677238971892945,-0.28046853556417095
2025-07-07,"PHC,MIG,S99,LSG",4,0.05777054525871078,0.02943257348978864,0.009199899512720544,0.004,0.05377054525871078,0.690073364222773,-0.20627093041020061,-0.25929087285894814
2025-07-08,"TNT,TTN,NHH,TCI,ACL,MIG,JVC",7,0.07159220539293122,0.027350602607486722,0.007446176840307287,0.004,0.06759220539293122,0.8110694436433319,-0.15262103211214673,-0.23903203187477484
2025-07-09,"TDT,TNT,NHH,VLC,S99,PHC,MIG,VBB,LSG,HAP",10,0.046007879633924866,0.02026887658409775,0.00919534482640465,0.004,0.04200787963392487,0.8943929086151536,-0.11702443842479426,-0.2236080660443931
2025-07-10,"VBB,MIG,LSG,PHC,PLP,GDA",6,0.04923441346773779,0.011516505165725615,0.005633020825049129,0.004,0.045234413467737794,0.9876622323482627,-0.07708355679059342,-0.21466674432636568
2025-07-11,"THT,PHC,VPH,MIG,S99,TCI,NAF,SAV,VBB,CST",10,0.017216030102294333,0.006959959993530329,0.007173352550866952,0.004,0.013216030102294333,1.0218818851735638,-0.06488626529523545,-0.20920085628528817
2025-07-14,"MIG,VBB,TNT,S99,LAI,NAF",6,0.0011473913863315384,0.019792089828623335,0.007554583372175257,0.004,-0.002852608613668462,1.0242017750327919,-0.06755377878961388,-0.19354928859648823
2025-07-15,"S99,DST,CST,ITD,AFX,MIG,PHC,VRG,GDA,VLC",10,0.01704352618223255,0.013695138323128648,0.010591172725142118,0.004,0.013043526182232548,1.0587013109836851,-0.055391392089732316,-0.18250483455303157
2025-07-16,"MIG,PHC,GDA,HCD,VBB,NHH,DSC,VLC,SBB,AFX",10,0.014334041790736284,0.015259281875424004,0.007152989211649419,0.004,0.010334041790736284,1.0882108216099686,-0.04562976725969836,-0.17003044539167989
2025-07-17,"SAV,VLC,DSC,GSP,TDS,CLX,NHH,PHC,AFX,GDA",10,0.004034158505497309,-0.004506751605466362,0.006832339134824572,0.004,3.415850549730922e-05,1.0966349950572378,-0.045597167398856886,-0.1737709120143991
2025-07-18,"VRG,PHC,TDT,HBS,MIG,VTD,NHH",7,0.01563669844408133,0.018476805867423753,0.007922454908357983,0.004,0.011636698444081332,1.1294194442222558,-0.03449106944170022,-0.1585048375536705
2025-07-21,"PHC,CLX,VLC,THT,CST,TTN,VPH,GDA",8,0.0013042953084733133,0.011477241917737682,0.007438569952298524,0.004,-0.0026957046915266868,1.1321968360131272,-0.03709379639551713,-0.14884679400166811
2025-07-22,"BTS,PHC,VCA,CLX,GSP,CTX,HAP,AFX",8,0.006461845568149924,0.006890866737769718,0.007950657357344237,0.004,0.0024618455681499236,1.145974762688342,-0.03472327002562925,-0.14298161068570825
2025-07-23,"PLP,GDA,SAV,VPH,VLC,PHC,CLX,GSP,TTN,DSC",10,0.0017753114225851018,0.0010321866594134772,0.007681504821526031,0.004,-0.0022246885774148983,1.1497845361971222,-0.03687071014084764,-0.1420970077373861
2025-07-24,"APP,GSP,PHC,CST,S99,VCP,LDP",7,0.013906673278209112,0.0008204071985966932,0.009701833274175462,0.004,0.009906673278209112,1.1796808873605618,-0.027329302941539457,-0.14139317794683626
2025-07-25,"BTS,GSP,PHC,HAP,AFX,HCD,VCP,CLX",8,0.00802870732640898,0.00042793597785930183,0.00828998363667538,0.004,0.004028707326408979,1.197180907270147,-0.02341069737811674,-0.14102574919684419
2025-07-28,"PHC,PLP,ITD,HCD,VCP,PBC",6,0.0014038651149722396,-0.0031086944343663566,0.00833284616329196,0.004,-0.0025961348850277602,1.2002654528971464,-0.025946054934998353,-0.14369603766957995
2025-07-29,"CSC,PHC,GDA,GSP,CTP,PLP,HCD",7,0.04209049722224102,0.01416534801448883,0.007676908581866141,0.004,0.03809049722224102,1.2928757198305068,0.011156144153813052,-0.13156619403698389
2025-07-30,"GSP,VPH,PGB,AFX,PHC",5,0.04630564285939169,0.032814343432966527,0.006690946802045561,0.004,0.04230564285939169,1.3990488040339488,0.05393375486346397,-0.1030691088793152
2025-07-31,"BTS,CLX,GSP,PHC,TMT,VCP",6,0.0020676106127559177,0.014736044352226826,0.008514392492496303,0.004,-0.0019323893872440824,1.4040091028016888,0.05189714446070748,-0.08985189548687844
2025-08-01,"MIG,GSP,PLP,HCD",4,0.019016099687030635,0.010005289044551053,0.006918342836605362,0.004,0.015016099687030635,1.4497239795490944,0.06769253684243215,-0.08074560062787439
2025-08-04,"CLX,PLP,DCL,VBB,DVN",5,0.015005672073145581,0.030301195963334176,0.007296422159039251,0.004,0.011005672073145581,1.4864837342559292,0.07944321077786487,-0.05289109293234262
2025-08-05,"CTP,HCD,GSP,DCL,PGV,HBS",6,0.03533144991612228,0.026435000379672797,0.006159512273732311,0.004,0.031331449916122286,1.5743348097800456,0.11326373167364978,-0.027854268614417643
2025-08-06,"BTS,MIG,GSP",3,0.02373774421841705,0.008459361812928057,0.0101454058460968,0.004,0.01973774421841705,1.6354437110271713,0.1352370464570647,-0.019630536137733468
2025-08-07,"CLX,GSP,PCH,HCD,VCP",5,-0.001167515840630906,0.002439135854682417,0.007471167293044712,0.004,-0.005167515840630906,1.632366788747456,0.1293706910366268,-0.017239281827591157
2025-08-08,"BTS,PVO,VPH,CLX,PHC,PCH",6,0.0033414067297351893,0.002171844170685775,0.008515830472671829,0.004,-0.0006585932702648108,1.6411625968505081,0.12862689509987568,-0.01510487869064947
2025-08-11,"BTS,PCH,ILA,GSP",4,-0.010038121198062272,0.002052129995293685,0.006121670904081056,0.004,-0.014038121198062272,1.614650286599534,0.11278309395907105,-0.01308374586999228
2025-08-12,"PCH,VBB,HCD,VLC,ITD",5,-0.013831435262825199,-0.0013826658476274985,0.00674165213360447,0.004,-0.0178314352628252,1.5784859204255053,0.09294057425757352,-0.014448321269046271
2025-08-13,"RYG,PLP,BTS,VBB,TV1,HAP,HCD",7,-0.011331749281908434,0.0013749980270570195,0.008733169119809306,0.004,-0.015331749281908435,1.5492671644483127,0.0761838833930315,-0.013093189655228543
2025-08-14,"RYG,HAP,HBS,GDA,GSP",5,-0.003349521617159068,-0.006894909694886116,0.006936375059393951,0.004,-0.007349521617159068,1.5407283389730795,0.06827444667799631,-0.0198978229898239
2025-08-15,"CLX,HBS",2,-0.021726816636996327,-0.019956804602895,0.008754180731328165,0.004,-0.025726816636996327,1.485526400227791,0.040791145870322953,-0.03945753062728796
2025-08-18,"CTP,VBB,HCD",3,-0.010630312895641167,-0.03701431974960864,0.008957917108998922,0.004,-0.014630312895641167,1.459104476882993,0.02556404574722726,-0.0750113567217282
2025-08-19,"BTS,CLX,VBB,VLC,RYG",5,-0.013820521028585286,-0.03308057568884036,0.00867382430820598,0.004,-0.017820521028585286,1.4251183717487432,0.0072879601038278174,-0.1056105135470129
2025-08-20,"MCF,CLX,VBB,GSP,TTN",5,-0.009164879287384542,-0.010395841091489355,0.00639491830134733,0.004,-0.013164879287384542,1.4028924546140473,-0.005972864298574909,-0.11490844452207694
2025-08-21,"BTS,TDT,PCH",3,0.02426984779925963,-0.0122960433834057,0.009521920609405562,0.004,0.02026984779925963,1.4612102887655194,0.014175914450426985,-0.12579156868651953
2025-08-22,"TDT,SHN,JVC",3,0.06484059360736356,0.02120801823515238,0.009104621250029421,0.004,0.06084059360736356,1.6207966248816263,0.07587897910788155,-0.10725134033389927
2025-08-25,"VPG,TDT,AVG,PGB,GDA,JVC,PCH,PHC,ELC",9,0.05300487522559564,0.05006032757419291,0.008447822175038096,0.004,0.04900487522559564,1.7597116229751388,0.1286022942369045,-0.06256004998959264
2025-08-26,"TDT,GDA,AVG,CLX,ELC",5,0.04564476543824281,0.02293016419235576,0.0058738339304445384,0.004,0.0416447654382428,1.8856780126830315,0.17560267205346314,-0.0410643980153802
2025-08-27,"RYG,VPG",2,-0.0057186749267216785,0.00804809685054839,0.005802262094510291,0.004,-0.009718674926721679,1.869175758185309,0.16417737184079018,-0.03334679141716912
2025-08-28,"PHC,ELC,PCH,BTP,DIH",5,0.01691030557482811,-0.01564916278862537,0.00850655532637612,0.004,0.012910305574828109,1.9176943970041118,0.17920725745455512,-0.048474104838428844
2025-08-29,PCH,1,-0.015384615384615441,-0.01908781942983314,0.00918070475260424,0.004,-0.01938461538461544,1.8728067908963562,0.15634877831005145,-0.06663665930808327
2025-09-03,"PHC,PCH,VPG,ELC,VBB",5,-0.003737220078620629,-0.030440561535569642,0.006817314136496444,0.004,-0.007737220078620629,1.8620704796754204,0.1474018533246224,-0.09504876351546043
2025-09-04,"PCH,LSG",2,0.041742027605901955,-0.028199322364035394,0.004932444416755999,0.004,0.03774202760590195,1.981539104648069,0.19070712574786342,-0.12056777515682038
2025-09-05,"LSG,MIG,AVG,AFX,MCM",5,0.008881936576889671,-0.012068111984008546,0.008896685505442693,0.004,0.004881936576889671,2.0080209458770697,0.19652008241741514,-0.13118086172857368
2025-09-08,"LSG,PHC,AVG,PCH,MIG,CLX",6,0.03412454378236888,0.021318739072604294,0.008033882853506405,0.004,0.030124543782368878,2.110668288342935,0.23256470402668228,-0.11265873321848019
2025-09-09,"CTP,LSG,PCH",3,0.045635470559251136,0.016753301002519625,0.007673018581910125,0.004,0.04163547055925114,2.252625099435205,0.2838831154735575,-0.0977928378841324
2025-09-10,"VPG,PCH",2,0.002531757233592058,-0.019385768321258594,0.008438953762193502,0.004,-0.0014682427664079421,2.2608599565588636,0.28199806337635014,-0.11528281690669084
2025-09-11,,0,0.0,0.007034286824314204,0.0,0.0,0.0,2.2608599565588636,0.28199806337635014,-0.10905946248241316
2025-09-12,"HCD,GDA,MPC,MIG,VPG,PCH",6,0.001673681253660279,-0.029836805572927245,0.006524844407184964,0.004,-0.002326318746339721,2.2663175967389675,0.27901572724874657,-0.13564228207736473
2025-09-15,"PCH,VIG",2,-0.012732581828059308,-0.02394190647531101,0.008047465800138043,0.004,-0.01673258182805931,2.2247289406620587,0.2576144919331822,-0.15633665372108174
2025-09-16,"GDA,ALV",2,-0.06479421579532818,-0.023676000412469256,0.005616614144070331,0.004,-0.06879421579532818,2.0157851577993613,0.17109788918779878,-0.1763112274555666
2025-09-17,"VTD,PPH,HCD,MCM,TTN,GSP,PHC",7,-0.02100201475131049,-0.010163841147516117,0.010323858935786705,0.004,-0.02500201475131049,1.952447593428476,0.14181808248709693,-0.1846830692947008
2025-09-18,"PCH,VTD,PHC",3,-0.019610271042649452,-0.01822080935511002,0.007793084230425684,0.004,-0.023610271042649452,1.8945492958821255,0.11485944807817838,-0.19953880365307552
2025-09-19,PCH,1,0.0050000000000001155,-0.02793142269100024,0.008942031860351474,0.004,0.0010000000000001154,1.9090220423615363,0.1159743075262567,-0.22189682367598518
2025-09-22,"LAI,PCH,CLX,MPC",4,-0.0037329081456811963,0.004519037469703495,0.007452600145689492,0.004,-0.007732908145681196,1.8981629302836387,0.10734458071321606,-0.21838054626688164
2025-09-23,PCH,1,-0.00990099009900991,-0.013255849310068813,0.0134849926032643,0.004,-0.01390099009900991,1.8694682478055826,0.09195139466052926,-0.22874157596338618
2025-09-24,PCH,1,-0.004975124378109541,-0.016688961358056777,0.004170754655676623,0.004,-0.008975124378109541,1.8551922863737138,0.0821509950786008,-0.24161307799920895
2025-09-25,"DST,AFX,HBS,LSG",4,0.059492402274610307,-0.009039678171951978,0.005917491626962146,0.004,0.0554924022746103,2.0250545344460233,0.14220215341937248,-0.2484686517039133
2025-09-26,"PCH,DSC",2,0.01319648093841641,-0.01847680929841754,0.006237897479021481,0.004,0.00919648093841641,2.0649746089475105,0.15270639375111195,-0.2623545531081627
2025-09-29,"PCH,CLX,MPC,PHC",4,0.01719234970782546,-0.015121576855242938,0.008466783831531877,0.004,0.01319234970782546,2.1176687242701417,0.1679132996079229,-0.2735089154252577
2025-09-30,"VMD,HAP",2,-0.01948156237954518,-0.0036593928508075625,0.006494966100699884,0.004,-0.02348156237954518,2.0569316665395156,0.14048887060927906,-0.27616743170632585
2025-10-01,"LSG,DTL,NHH",3,0.0062115454216431125,-0.010739041641174098,0.008775844904560218,0.004,0.0022115454216431124,2.075919936437085,0.14301111354951002,-0.2839406997984696
2025-10-02,DTL,1,0.007575757575757791,-0.012754006980917021,0.008040327014345205,0.004,0.003575757575757791,2.099222360197973,0.14709824419796003,-0.29307332511199047
2025-10-03,"DTL,PHC,CTX",3,0.02057006711816345,-0.014154402224315188,0.009241587852576746,0.004,0.01657006711816345,2.1629735721613583,0.16610573909544768,-0.30307944961145306
2025-10-06,CLX,1,-0.006172839506172756,-0.04429927610771696,0.009422938028971428,0.004,-0.010172839506172756,2.14344904393814,0.1542431325644027,-0.3339525254982574
2025-10-07,"HAP,NHA,TS3,VBB,VPH,ELC,PHC,AGG,PLP",9,-0.05075236718223686,-0.04089200974059931,0.007264765689045833,0.004,-0.05475236718223686,1.98391156384154,0.09104558875266133,-0.36118854531328426
2025-10-08,"VMD,AGG,ELC",3,-0.009457395182726258,-0.037386003583089335,0.012956482810652833,0.004,-0.013457395182726258,1.9556915329919837,0.07636295710244645,-0.38507115264712033
2025-10-09,"NHA,AVG,AGG",3,-0.07679811250071396,-0.05558674845022763,0.005127010253406968,0.004,-0.08079811250071396,1.7287000021238574,-0.010605138197118169,-0.4192530477997133
2025-10-10,"MPC,PHC,VPH,HBS,NHA,BTP,DSC,BMS,TTN",9,-0.06542248755835124,-0.059313440272362745,0.007291445339533286,0.004,-0.06942248755835125,1.5501816601844363,-0.07929139068092539,-0.4536991474624017
2025-10-13,"LDP,VBB,PGB,TTN",4,-0.011248771932829305,-0.05777603430391512,0.00835609041155777,0.004,-0.015248771932829305,1.5214952483017372,-0.09333106628102439,-0.485262244258872
2025-10-14,"PGB,BMS,VBB",3,-0.01850816372176245,-0.055432068319049656,0.007181892978261661,0.004,-0.02250816372176245,1.4748270014225224,-0.1137385190826069,-0.5137952227015086
2025-10-15,"TNT,PHC,TTN,PGB",4,0.013179871727754061,-0.02358713243944785,0.007111013491722273,0.004,0.009179871727754061,1.5074449038496534,-0.10560275237053596,-0.5252633991763402
2025-10-16,"VBB,PHC,PGB,NHH,CTX",5,-0.016314832351312945,0.002335122766658124,0.005593465580941847,0.004,-0.020314832351312945,1.4665363606131923,-0.12377228251160421,-0.5241548309315911
2025-10-17,"VBB,TNT,PCH,TTN,EVS,TDS",6,-0.002611563990806439,-0.0073862624234287775,0.007659498316607542,0.004,-0.0066115639908064395,1.4600948430718002,-0.12956551813629702,-0.5276695482232512
2025-10-20,"MCM,NHH",2,0.007693949659165145,0.02236392556191962,0.005796174265972898,0.004,0.0036939496591651445,1.4790226889511668,-0.1263501769786909,-0.517106385159088
2025-10-21,"SAV,PCH,GSP,DSC",4,0.0017849626495966553,0.027086742271692575,0.011638154429288172,0.004,-0.002215037350403345,1.4834476518584476,-0.1282853439678563,-0.5040263702692462
2025-10-22,"VPG,EVS,PCH",3,0.026133049790483327,0.00385413014969553,0.008877984023600552,0.004,0.022133049790483326,1.5483477129965233,-0.10899164008280282,-0.502114823349447
2025-10-23,"AGG,NHA",2,-0.008867727914661505,0.0015214322864449523,0.016022439812593214,0.004,-0.012867727914661505,1.52574965884572,-0.12045689322790609,-0.5013573247667485
2025-10-24,"PCH,AGG",2,-0.010523958799820876,-0.002350954786099313,0.006961981384304705,0.004,-0.014523958799820876,1.4991687734973658,-0.13323134107333034,-0.5025296111506415
2025-10-27,PRE,1,0.14838035527690696,0.0038165543534669443,0.0066266593016302,0.004,0.14438035527690696,1.8699963240058568,-0.008086974154609572,-0.5006309883723576
2025-10-28,BVS,1,0.02091020910209096,-0.00861929047203278,0.005552322368926665,0.004,0.01691020910209096,1.9300085472630517,0.008686482523523775,-0.5049351949363082
2025-10-29,"AFX,OIL,BVS",3,-0.000258438299784521,-0.022257080542032223,0.009364107981673383,0.004,-0.004258438299784521,1.9292513208357427,0.00439105337387069,-0.5159538921761363
2025-10-30,"CLX,AFX,AGG,PPH",4,-0.004206959526762255,-0.015844855957203443,0.010591404996894205,0.004,-0.008206959526762255,1.916928079085272,-0.0038519433502107736,-0.5236235330312504
2025-10-31,"HBS,CLX,TTN,PLP,S99",5,-0.04079002948495425,-0.030295121840082973,0.012444906924753196,0.004,-0.04479002948495425,1.7979464967338927,-0.04846944417893473,-0.5380554161398169
2025-11-03,"CTX,CLX,ELC,TTN",4,-0.023733952995490776,-0.017651688993387215,0.011697737505009687,0.004,-0.027733952995490776,1.7315401660965124,-0.07485914788784931,-0.5462095182662965
2025-11-04,"CTP,NHH,PLP,DST",4,-0.012956150130063154,-0.01702551640058796,0.006174284855436196,0.004,-0.016956150130063154,1.6961499216182685,-0.09054597506771744,-0.5539355355554844
2025-11-05,"VPG,TTN,TDT,PLP",4,0.005484324744010477,-0.009411700161262245,0.009545766789722354,0.004,0.001484324744010477,1.7109364833469614,-0.08919604995497066,-0.5581337605474301
2025-11-06,"VPG,AGG,ELC,ACC,TTN",5,-0.008765709109838093,-0.0031824955944544345,0.005810588633497727,0.004,-0.012765709109838094,1.6871732027186943,-0.10082310823733698,-0.5595399979078262
2025-11-07,"BVS,AFX",2,0.10353391995458405,0.02411137465777552,0.00848128260089942,0.004,0.09953391995458405,1.9653867779930754,-0.01132450746762026,-0.5489199017756171
2025-11-10,"BVS,CTX,ELC",3,0.02998269609214928,0.02580903202726848,0.00628634348148512,0.004,0.02598269609214928,2.0542970685533195,0.014363947388604581,-0.5372779610736805
2025-11-11,"ILA,SD3,PBC,BTP",4,-0.027628155666350157,0.011226307917727324,0.007599551010947947,0.004,-0.03162815566635016,1.9699124736920517,-0.017718513441735584,-0.5320833009843751
2025-11-12,"ILA,HT1,PCH",3,0.009724537588314744,0.0019073295695130113,0.00859056616368492,0.004,0.005724537588314744,1.9987934991764753,-0.012095406149627008,-0.5311908296282736
2025-11-13,"NAG,PCH,HAP",3,0.03506752294413703,-0.006313949763236565,0.007443770233819406,0.004,0.03106752294413703,2.1039537590135753,0.018596342486437933,-0.5341508671785453
2025-11-14,"AGG,ELC",2,-0.0012195121951219523,-0.011890992535280814,0.005494027602963358,0.004,-0.005219512195121952,2.1001684495513637,0.013279766454923347,-0.5396902757394922
2025-11-17,"TS3,MIG,RYG",3,-0.017754515599343157,-0.012515366091807683,0.008479653805090045,0.004,-0.021754515599343157,2.0451264604532127,-0.008763644030919115,-0.5454512204542316
2025-11-18,"BMS,EVS,NHH",3,-0.0034087779565450025,-0.012200239449768785,0.0051472356963553345,0.004,-0.007408777956545003,2.0347463004999278,-0.016107494094748875,-0.5509968244062902
2025-11-19,"BMS,EVS,BTP,MIG",4,-0.005972817255133683,-0.009438952479096773,0.0053839790141965715,0.004,-0.009972817255133683,2.0166203154313487,-0.025919674254837433,-0.5552349440436827
2025-11-20,"PLP,AGG,TDC,BTP,VLC,CLX",6,0.0016905326783084134,0.004245888183354292,0.0059954839168565215,0.004,-0.0023094673216915865,2.021720010652634,-0.028169280935848584,-0.5533465213482289
2025-11-21,"AGG,TVN",2,-0.034375000000000044,-0.019284944379470294,0.00644528865814209,0.004,-0.03837500000000005,1.9178483852864496,-0.06546328477993546,-0.5619602088409252
2025-11-24,"HAP,ILA,AGG,BMS,NHH,ASM",6,0.00474678572762266,-0.004641532593287174,0.009770585453556468,0.004,0.0007467857276226599,1.931698786357094,-0.06476538609906979,-0.5639933848087467
2025-11-25,FDC,1,0.14000000000000012,0.00665992278703792,0.008843485514322902,0.004,0.13600000000000012,2.3421366164470876,0.06242652139145677,-0.5610896144169353
2025-11-26,"ASM,BMS,OIL",3,-0.017099331486123897,-0.03362932634340473,0.00680416747590155,0.004,-0.021099331486123897,2.2849883145705463,0.04001003203696896,-0.5758498750092178
2025-11-27,"ASM,AGG,LDP,NHH",4,0.013843932377613721,-0.011048684725028153,0.007969342986894612,0.004,0.009843932377613721,2.3304654706587127,0.05024782046438081,-0.5805361760163221
2025-11-28,"CTX,SWC,HBS,NHH",4,-0.02042709400304335,-0.0157557000851193,0.00891790319004604,0.004,-0.02442709400304335,2.2624337394156773,0.02459331822740607,-0.5871451222235663
2025-12-01,NHH,1,0.0,0.0002785081052064838,0.005279052356057967,0.004,-0.004,2.2624337394156773,0.02049494495449644,-0.5870301387938315
2025-12-02,"DST,VLC,NHH,AGG,OIL",5,-0.0011514261836097273,-0.008833926560288514,0.007262998145921839,0.004,-0.005151426183609727,2.2586772877858223,0.015237940574816422,-0.5906782842193393
2025-12-03,"CLX,AGG,TCI,TDT,CSV,NHH,AVG",7,-0.027646312968313356,-0.02353237146495783,0.007921877963094006,0.004,-0.031646312968313356,2.168586875624961,-0.01689059702992013,-0.6003105948837637
2025-12-04,AGG,1,-0.09779179810725547,-0.046601682737114916,0.005225437296677793,0.004,-0.10179179810725547,1.8587250675985452,-0.11696307089439495,-0.6189367937343768
2025-12-05,TCI,1,-0.062311557788944705,-0.035173171941180255,0.004909726243522261,0.004,-0.06631155778894471,1.6805934553461737,-0.17551862524855355,-0.6323399954088149
2025-12-08,"NHA,S99,NHH",3,-0.031680440771349905,-0.042940340315702624,0.007551080917357937,0.004,-0.03568044077134991,1.595671073152011,-0.2049364841074537,-0.6481274411264333
2025-12-09,"BCP,CTX,GDA",3,0.07923230807701927,-0.0184456625856806,0.008745687155164328,0.004,0.07523230807701926,1.801332083286598,-0.14512202073902758,-0.6546179636205751
2025-12-10,"GDA,CSV,CRE,TCI",4,-0.04334689139318068,-0.022775089467847346,0.006588672432715603,0.004,-0.047346891393180685,1.679903045716141,-0.18559783557751863,-0.6624840703997037
2025-12-11,"CSV,HAP",2,-0.01435511881993451,-0.01887013549243813,0.007089671180002366,0.004,-0.01835511881993451,1.6414327190689817,-0.20054628407270503,-0.6688530417221175
2025-12-12,"CSV,DVN,NHH,NHA,VNP",5,0.0003381010299909226,0.0026128121492001166,0.009438289456534932,0.004,-0.0036618989700090776,1.642325790191951,-0.2034738028116292,-0.6679878169263584
2025-12-15,CSV,1,-0.029772329246935292,-0.00187322369541508,0.010070239599865971,0.004,-0.033772329246935295,1.5636575967886879,-0.23037434779688415,-0.6686097500148585
2025-12-16,,0,0.0,-0.01191290608161355,0.0,0.0,0.0,1.5636575967886879,-0.23037434779688415,-0.6725575709392939
2025-12-17,"JVC,CSV",2,-0.04936225169089842,-0.03246824920460974,0.006145713529552843,0.004,-0.05336225169089842,1.4371096852467207,-0.2714433055575187,-0.6831890533261996
2025-12-18,PLP,1,-0.059815950920245387,-0.03241479814193633,0.004650548923235132,0.004,-0.06381595092024539,1.2913316519267481,-0.3179368438126763,-0.6934584162117866
2025-12-19,"BMS,PCH,VPG",3,-0.025089202668171866,-0.019379462424130536,0.005394922734238842,0.004,-0.029089202668171867,1.233843967731561,-0.3377775171955023,-0.6993990273162438
2025-12-22,"CTP,CSV,PLP,NAG,GDA",5,-0.03330405209575542,-0.019622617109268856,0.009734128939934994,0.004,-0.03730405209575542,1.1594479118564402,-0.36248109919302174,-0.7052976051058909
2025-12-23,"NAG,EVS,NHH",3,-0.004106280193236704,-0.010372466540434413,0.0065252184069937895,0.004,-0.008106280193236705,1.1505806136676577,-0.36764900603144735,-0.7083543958363159
2025-12-24,"MCM,NAG,VPG,TDC,BVS",5,-0.012434021389028627,-0.012931171296808973,0.011496882440498268,0.004,-0.01643402138902863,1.123840248318484,-0.3780410757917,-0.712125715101718
2025-12-25,"NAG,TDC",2,-0.006024096385542244,-0.0060514723774100585,0.010042093008550301,0.004,-0.010024096385542244,1.1110460299551193,-0.38427565199581215,-0.7138677783849465
2025-12-26,"TST,VIG,NAG",3,-0.07347928298560091,-0.03580532564874608,0.007322358272371969,0.004,-0.07747928298560092,0.9559278813244176,-0.4319815329959532,-0.7241128357584727
2025-12-29,"VLC,GSP",2,0.012019230769230727,-0.01696873157218512,0.011280695863126189,0.004,0.008019230769230726,0.9794366298980286,-0.42742646182786304,-0.7287942909926985
2025-12-30,"GSP,VIG,BVS",3,0.015674903913820204,-0.002005671874957419,0.005844319425358568,0.004,0.011674903913820204,1.0104641088751762,-0.4207417207861073,-0.7293382406555823
2025-12-31,"CTP,NAG,TDC,BVS",4,-0.015969863668548467,-0.017660902170142215,0.01290874739419029,0.004,-0.019969863668548467,0.9783572711459299,-0.4323094296508867,-0.7341183715085626
2026-01-05,"VIG,TDC,HT1",3,0.00529004964940379,-0.0018966257022711153,0.005739077567009199,0.004,0.00129004964940379,0.9888228793345506,-0.43157708062963807,-0.7346226494389212
2026-01-06,"CTP,CRE,PCH,TDC,VBB",5,0.00919731433958324,-0.00030257938980069083,0.008966090244228786,0.004,0.00519731433958324,1.0071147085215455,-0.42862280803984676,-0.7347029471557209
2026-01-07,"CTP,DVN,RYG,CSM,SAM,JVC,CRE",7,0.003983225326250902,-0.0004219096956161269,0.006142931358190916,0.004,-1.677467374909796e-05,1.0151094986612192,-0.42863239270582953,-0.7348148785545343
2026-01-08,"BTP,BMS,TDC",3,0.0010522935715070458,-0.003088348083487402,0.00894466779238079,0.004,-0.0029477064284929543,1.0172299854325435,-0.4303166166748832,-0.7356338625161197
2026-01-09,"MPC,VNP,RYG,CSV,DVN,GSP,BMS",7,0.028558126588732358,0.008548462898589784,0.008142349897543921,0.004,0.024558126588732358,1.0748382947151125,-0.4163262600316876,-0.7333739383981953
2026-01-12,"VNP,TCI,VBB,CSM,DVN,GDA,TDC",7,-0.013491611831470058,-0.009974436294690841,0.007645772894297099,0.004,-0.017491611831470057,1.0468453818297467,-0.4265356545274357,-0.7360333830641468
2026-01-13,"TTN,TCI,BTP",3,-0.03627602006556855,-0.008146570811282283,0.008402850054666233,0.004,-0.040276020065568546,0.9725939776873747,-0.4496325160125768,-0.7381838058008294
2026-01-14,"VBB,PGV,CLX,TCI,VNR,BMS,TDC,TTN,HID,PSB",10,-0.005543982565593042,-0.00983673941591375,0.009165822836179926,0.004,-0.009543982565593042,0.9616579510660819,-0.45488521368442214,-0.7407592234780329
2026-01-15,"SCL,S99,TTN,GSP,GDA",5,0.004893603992529294,-0.012882436799752374,0.0071696507544231295,0.004,0.0008936039925292938,0.9712575282473959,-0.4543980969349838,-0.7440988763974958
2026-01-16,"NHH,TCI,BMS,RYG,PSB,TDC",6,-0.014290965562849681,-0.03306855401160454,0.007785637336701308,0.004,-0.018290965562849683,0.943086354795704,-0.46437768255497125,-0.7525611565249756
2026-01-19,"BMS,ITD,NHH,VLC",4,-0.01369134242565484,-0.02696890618246174,0.00658614899771226,0.004,-0.01769134242565484,0.9164828941495786,-0.47385356038371407,-0.7592343114805504
2026-01-20,"DVN,VNP,TCI,LAI,BMS,GDA,MCM,VIG,NHH",9,-0.02055998631670059,-0.01438706153387026,0.007484817694744455,0.004,-0.024559986316700592,0.8770800320696723,-0.4867757097412708,-0.7626982222565244
2026-01-21,"BTS,NHH,HCD,BMS,LSG,VNP,DVN,VIG",8,-0.011888286124544845,-0.008788818119682995,0.010553394210992051,0.004,-0.015888286124544845,0.8547647675697583,-0.494929964110968,-0.7647838244205892
2026-01-22,"BVS,SBB,BMS,ITD,TDC,MIG,PGB",7,-0.021451159461270932,-0.027247519008488777,0.007701819616085055,0.004,-0.025451159461270932,0.8149779127774721,-0.5077845821334896,-0.7711928816357932
2026-01-23,"LDP,BMS,TTN",3,0.017626651194582583,-0.016335510484401183,0.009585070147805297,0.004,0.013626651194582583,0.8469698953718723,-0.5010773343216269,-0.7749305627167373
2026-01-26,"NHH,BMS",2,-0.03749028749028743,-0.006074635569640928,0.006744077433517237,0.004,-0.041490287490287436,0.7777264630084748,-0.5217777791560432,-0.7762977775260973
2026-01-27,"POS,DVN,TTN",3,0.03929224004422449,0.009991232340557798,0.005941666135465133,0.004,0.03529224004422449,0.8475773179259742,-0.5049002457435361,-0.7740627166462615
2026-01-28,"VPG,BVS,MIG",3,0.020681143716469414,0.012087446379979373,0.011316185650768418,0.004,0.016681143716469414,0.8857873299652903,-0.49664141558879527,-0.7713317118484849
2026-01-29,"ITD,TD6,VPG,NHH",4,-0.022974388200451973,-0.02155630379664779,0.007853965647417027,0.004,-0.026974388200451973,0.8424625197831739,-0.5102192054487331,-0.7762609549365383
2026-01-30,"BVS,S99,AGG,TDC",4,-0.008926019459131629,-0.02645551587724743,0.007689061530441632,0.004,-0.012926019459131629,0.8260166634788686,-0.5165501215298116,-0.7821800867955749
2026-02-02,"JVC,MIG,S99,BVS,TV1,TDC",6,-0.011454200124899913,-0.018490999395124556,0.007173810190322742,0.004,-0.015454200124899913,0.8051011031839796,-0.5240214527020486,-0.786207794678884
2026-02-03,"CLX,APG,LDP",3,-0.011827512977819773,-0.018488579703825298,0.004785734197124099,0.004,-0.01582751297781977,0.7837512464597942,-0.5315550093365706,-0.79016050890702
2026-02-04,"ITD,BVS,CLX,MPC",4,0.016716859916655946,-0.003473780671336992,0.007887511103944478,0.004,0.012716859916655946,0.8135699661730229,-0.5255978600116447,-0.7908894452752621
2026-02-05,"BVS,CLX,MPC,TDC,AVG",5,7.311965282772448e-05,-0.008433145709208792,0.0066444671767938775,0.004,-0.003926880347172276,0.8137025737793282,-0.5274607804518213,-0.7926529050525892
2026-02-06,"BVS,DVN,VTD,VLC,CLX,NHH,MPC",7,0.02245077199044784,0.018823119264107926,0.008968837833324013,0.004,0.01845077199044784,0.8544215967217363,-0.5187420670553937,-0.7887499859553279
2026-02-09,"BVS,SCL,MPC,EVS",4,0.05388864903172741,-0.003537099498956553,0.008736203078809401,0.004,0.049888649031727406,0.9543538713043296,-0.4947327589449856,-0.7894971982741598
2026-02-10,"NHH,CLX,S99",3,0.03376243035112244,0.023075726534394003,0.005924029058909615,0.004,0.02976243035112244,1.0203376077656885,-0.479694777874382,-0.7846396931868106
2026-02-11,"FDC,MIG",2,0.03464240882933106,-0.008839069971978697,0.010186748274852553,0.004,0.03064240882933106,1.0903269691471804,-0.46375137254197285,-0.7865432780079191
2026-02-12,"VIN,JVC,MPC",3,0.0622262098666592,-0.014632107944064025,0.011009212096134998,0.004,0.058226209866659204,1.2204000938192707,-0.4325276474188938,-0.7896665998054934
2026-02-13,CLX,1,0.0,-0.020461722108620916,0.014302336139443428,0.004,-0.004,1.2204000938192707,-0.4347975368292183,-0.7939703833904347
2026-02-23,"AGG,CTI",2,-0.0656440658455163,-0.014376981081646178,0.005167752535224945,0.004,-0.0696440658455163,1.074644003857208,-0.47416053439033223,-0.7969324672906892
2026-02-24,"MPC,MIG,AGG",3,-0.07360135433376865,-0.03645913116261526,0.007077893089637355,0.004,-0.07760135433376865,0.9219473954128852,-0.5149663890837877,-0.8043361331006067
2026-02-25,"CLX,VNL,ITD,MPC,SAM,BMS,RYG,PGB,APG,NAG",10,-0.007550748930657991,-0.024645607339801458,0.007752233232708061,0.004,-0.011550748930657991,0.9074352531721903,-0.5205688905464112,-0.8091583879347963
2026-02-26,"S99,BMS,VNP,CTI,MIG,PGV",6,-0.02431521728402976,-0.0442671755301611,0.004426518616573801,0.004,-0.02831521728402976,0.8610555505360902,-0.5341440865833131,-0.8176064070745456
2026-02-27,"EVS,POS,AFX,S99",4,-0.0581221198156682,-0.08741255184288273,0.00870019338481337,0.004,-0.0621221198156682,0.7528870568442172,-0.5630840434534221,-0.8335498964719515
2026-03-02,"BMS,NHA,EVS,NHH,L14,VBB",6,-0.08184747482841363,-0.0600134726299239,0.007933311470998036,0.004,-0.08584747482841364,0.6094176775821081,-0.6005921750351866,-0.8435391452042801
2026-03-03,"LDP,EVS,TTN,JVC,BTP",5,-0.03252331022098609,-0.0411454651317454,0.009720510122398718,0.004,-0.036523310220986094,0.5570740871789661,-0.6151798709310659,-0.8499767998497605
2026-03-04,"CLX,VPG",2,-0.04662499999999997,-0.049020515484233466,0.005461394786834717,0.004,-0.050624999999999976,0.48447550786424687,-0.6346613899651806,-0.8573310144557196
2026-03-05,"DST,SCL,BMS,AGG,AVG",5,-0.05358627078481324,-0.04426689223437108,0.00787631014767749,0.004,-0.05758627078481324,0.40492800132641005,-0.655699878090793,-0.8636465270639953
2026-03-06,"S99,AFX,BVS,TDT,AVG,DST,BMS",7,-0.03721187453109187,-0.03160180565641899,0.00649830103596757,0.004,-0.041211874531091874,0.35264799681583403,-0.669889131515955,-0.8679555430162966
2026-03-09,"POS,TV1,SJM,GDA,MML,LAI,CSC,PGV,DSC,DST",10,0.06559811494996519,0.039192384467468366,0.02480920260667041,0.004,0.061598114949965185,0.4413791555977993,-0.6495549242928419,-0.8627804058913933
2026-03-10,"TNT,POS,NHH,TDT",4,0.03160313915371715,0.005297442300167952,0.013878169220357728,0.004,0.027603139153717152,0.4869312616254238,-0.6398815401023623,-0.8620534930091505
2026-03-11,"TNT,ILC,S99,BVS,PCH",5,0.04198003489355027,0.0017687456904872142,0.01530755330356497,0.004,0.03798003489355027,0.5493526878727697,-0.6262042284296384,-0.8618095007193927
2026-03-12,"BVS,TDT,TNT,EVS",4,0.02654117428399244,-0.0008855429121432869,0.007286966778802528,0.004,0.02254117428399244,0.590474327588973,-0.6177784327960514,-0.861931874336556
2026-03-13,"BVS,RYG,PCH",3,-0.02176180766202111,-0.00915973628090106,0.0056821921070871655,0.004,-0.02576180766202111,0.5558627311805995,-0.6276251512946358,-0.8631965419564316
2026-03-16,"EVG,PCH",2,-0.008894362342638185,-0.030207677029660963,0.011677995430163901,0.004,-0.012894362342638185,0.5420243242940725,-0.6324266875211279,-0.8673290566335524
2026-03-17,"GSP,EVG,TD6,PCH,HT1",5,-0.003963305795829863,-0.008938980826846762,0.00803279518687896,0.004,-0.007963305795829864,0.5359128103522872,-0.6353537862107832,-0.8685149996525847
2026-03-18,EVG,1,0.08133971291866038,0.007834415572505818,0.005863725093373073,0.004,0.07733971291866037,0.6608435174144351,-0.6071521527194488,-0.867484891518312
2026-03-19,"PCH,GSP,NAG,AVG",4,-0.00019043667623791505,-0.0068110104467014355,0.0062943408569681725,0.004,-0.004190436676237915,0.6605272318952273,-0.6087983567468742,-0.8683874533065266
2026-03-20,"ELC,BTP,GSP",3,0.00496399463896106,0.01070979358406765,0.0161759328218208,0.004,0.0009639946389610595,0.6687700801722041,-0.6084212404600254,-0.866977910098366
2026-03-23,"BTP,TCI,CLX",3,0.02750157062953266,0.025132393929012793,0.00469904791263905,0.004,0.02350157062953266,0.7146638783965109,-0.5992185245856719,-0.8636347465336975
2026-03-24,"ELC,TNT,HT1,PCH,CRE,TD6",6,0.0356184605974492,0.03146073632540955,0.01004319945913934,0.004,0.0316184605974492,0.7757375661870465,-0.5865464312970965,-0.8593445952504466
2026-03-25,"GSP,BTP,CST,THT",4,-0.020838493292053617,0.002631147227379238,0.00712323683949323,0.004,-0.024838493292053617,0.7387338708256102,-0.5968159949898991,-0.8589745101722239
2026-03-26,"ELC,GSP,PCH,BVS,EVG",5,0.0189513017482561,-0.011742465512376066,0.007312184257592902,0.004,0.0149513017482561,0.7716851410715397,-0.5907878692709227,-0.8606304971228925
2026-03-27,"PLP,ELC,NAG",3,-0.013259409467675861,-0.01265819207085332,0.009367346922860342,0.004,-0.01725940946767586,0.7481936423382751,-0.597850628994316,-0.8623946630591303
2026-03-30,ELC,1,-0.03305785123966931,-0.018052050073877633,0.0071614162981017415,0.004,-0.037057851239669315,0.6904021169717207,-0.6127534205611711,-0.8648787214920197
2026-03-31,"VBB,TDT,ELC,VLC,CSV,NHA",6,0.021675225383699443,0.0010560258003350625,0.007755928691019968,0.004,0.017675225383699443,0.7270419638461654,-0.6059087499905232,-0.864736029935741
2026-04-01,"CST,NHA,ELC,RYG,MCM",5,-0.004276311778759756,0.010977980858486497,0.005190407531065988,0.004,-0.008276311778759756,0.7196565939537576,-0.6091703720448829,-0.8632511046615327
2026-04-02,POS,1,0.0,0.01742317884770632,0.004163988174930688,0.004,-0.004,0.7196565939537576,-0.6107336905567033,-0.8608685042008243
2026-04-03,"RYG,TD6,TCI,PCH,ELC,NAG,TNT",7,0.027581515352295884,0.02075478313373217,0.00728858691079031,0.004,0.023581515352295884,0.76708732870057,-0.6015542011044346,-0.8579808601784406
2026-04-06,"RYG,SCL,SAM",3,0.007480109299717541,0.00942872714916795,0.008101084256031399,0.004,0.003480109299717541,0.780305335061396,-0.6001675661742647,-0.8566418004591035
2026-04-07,"SAM,PCH",2,0.027596408896143676,0.01566125642835018,0.006353546308478064,0.004,0.023596408896143676,0.8294353690477361,-0.5907329565757724,-0.854396630934987
2026-04-08,"NAG,EVS,CLX",3,-0.016221312716016494,-0.009010437692205794,0.007277957446166106,0.004,-0.020221312716016494,0.7997595258326717,-0.5990088734452131,-0.8557085810197225
2026-04-09,"TDC,SAM",2,-0.022184843967022194,-0.015599370034556324,0.005504536625988932,0.004,-0.026184843967022194,0.759832141573912,-0.6095087635262106,-0.857959436257207
2026-04-10,"SAM,PGB,EVS",3,-0.022950804495546984,-0.012973085406255221,0.007995506175130451,0.004,-0.026950804495546984,0.7194425781476694,-0.6200328164976401,-0.8598021406217949
2026-04-13,"TDC,BVS,SAM,VLC",4,-0.005112990902447795,-0.007282836600051899,0.006953888407140563,0.004,-0.009112990902447795,0.7106510838883191,-0.6234954539841259,-0.8608231787233235
2026-04-14,"CLX,TDT,AFX,NAG,SAM,MPC,ASM,EVS",8,-0.005472782876874915,-0.011407566219051072,0.007735269958818652,0.004,-0.009472782876874915,0.7012890619281076,-0.6270619998006906,-0.8624108475281942
2026-04-15,"APG,HCD,SAM,EVS,BVS",5,-0.03148602257452138,-0.020582036393999418,0.01299105134314682,0.004,-0.03548602257452138,0.6477222361184529,-0.6402960860946602,-0.8652427124717884
2026-04-16,"CTP,NHA,CRE",3,-0.038069730100670905,-0.01888463331896538,0.005442028717006275,0.004,-0.0420697301006709,0.5849938953085494,-0.6554287326688129,-0.8677875544338172
2026-04-17,"CTP,GSP,BVS",3,-0.02487562189054726,-0.01706274538510964,0.007299134130128948,0.004,-0.02887562189054726,0.5455661864700283,-0.6653784422986149,-0.8700434617292556
2026-04-20,"MCM,TCI",2,0.020427248149625488,-0.022474392802553523,0.006315417383355726,0.004,0.016427248149625488,0.5771378504927218,-0.65988153093404,-0.8729641560176123
2026-04-21,"SCL,CTP,GSP,BVS,MCM,CSM",6,0.0008030220030439591,-0.013095275532137574,0.00794642109013973,0.004,-0.003196977996956041,0.5784043268885009,-0.6609688821960022,-0.8746277253970194
