model_name,trading_date,selected_symbols,selected_count,daily_return,benchmark_return,avg_buy_probability,daily_cost_rate,daily_return_net,cumulative_return,cumulative_return_net,benchmark_cumulative_return,created_at
model3,2024-10-23,,0,0.0,-0.005629355563389474,0.0,0.0,0.0,0.0,0.0,-0.005629355563389504,2026-06-08 20:08:44
model3,2024-10-24,,0,0.0,0.007450218309215899,0.0,0.0,0.0,0.0,0.0,0.0017789228179390104,2026-06-08 20:08:44
model3,2024-10-25,CTP,1,0.04857142857142871,0.0001638614216401273,0.35372403264045715,0.004,0.044571428571428706,0.04857142857142871,0.044571428571428706,0.0019430757364011786,2026-06-08 20:08:44
model3,2024-10-28,,0,0.0,-0.009061184650014825,0.0,0.0,0.0,0.04857142857142871,0.044571428571428706,-0.007135715481650151,2026-06-08 20:08:44
model3,2024-10-29,,0,0.0,-0.01296780871473752,0.0,0.0,0.0,0.04857142857142871,0.044571428571428706,-0.020010989602978868,2026-06-08 20:08:44
model3,2024-10-30,,0,0.0,0.00046733339688973284,0.0,0.0,0.0,0.04857142857142871,0.044571428571428706,-0.019553008009835504,2026-06-08 20:08:44
model3,2024-10-31,,0,0.0,0.0039617063155109435,0.0,0.0,0.0,0.04857142857142871,0.044571428571428706,-0.015668764969644422,2026-06-08 20:08:44
model3,2024-11-01,,0,0.0,0.005544948268857918,0.0,0.0,0.0,0.04857142857142871,0.044571428571428706,-0.010210699191980144,2026-06-08 20:08:44
model3,2024-11-04,,0,0.0,0.018937280398114355,0.0,0.0,0.0,0.04857142857142871,0.044571428571428706,0.00853321833247489,2026-06-08 20:08:44
model3,2024-11-05,,0,0.0,0.01937780383084795,0.0,0.0,0.0,0.04857142857142871,0.044571428571428706,0.028076377194215185,2026-06-08 20:08:44
model3,2024-11-06,,0,0.0,0.005689622618273179,0.0,0.0,0.0,0.04857142857142871,0.044571428571428706,0.03392574380321167,2026-06-08 20:08:44
model3,2024-11-07,,0,0.0,-0.006009959961224494,0.0,0.0,0.0,0.04857142857142871,0.044571428571428706,0.027711891480075135,2026-06-08 20:08:44
model3,2024-11-08,,0,0.0,-0.023725865231479435,0.0,0.0,0.0,0.04857142857142871,0.044571428571428706,0.0033285376460301386,2026-06-08 20:08:44
model3,2024-11-11,"VOS,TRC",2,-0.032865978342034474,-0.027251917661777418,0.38322940468788147,0.004,-0.03686597834203448,0.014109102709924048,0.006062280909006512,-0.024014089049610998,2026-06-08 20:08:44
model3,2024-11-12,"HAG,VOS",2,-0.030023745562697823,-0.037170310560027946,0.3736801743507385,0.004,-0.03402374556269783,-0.01633825096265451,-0.02816772615686891,-0.060291788461848794,2026-06-08 20:08:44
model3,2024-11-13,VOS,1,-0.10102301790281332,-0.030221168075262293,0.36789578199386597,0.004,-0.10502301790281332,-0.11571072944596694,-0.13023248445122781,-0.08869086826444739,2026-06-08 20:08:44
model3,2024-11-14,,0,0.0,-0.007157973111673767,0.0,0.0,0.0,-0.11571072944596694,-0.13023248445122781,-0.09521399452583323,2026-06-08 20:08:44
model3,2024-11-15,"VOS,ITD",2,-0.0385931309761402,0.0031574167388333575,0.3597867488861084,0.004,-0.0425931309761402,-0.14983822108525424,-0.16727860615978873,-0.09235720804708702,2026-06-08 20:08:44
model3,2024-11-18,"ANT,CSM,VOS",3,-0.013640112786863426,0.007077565478845202,0.40676775574684143,0.004,-0.017640112786863428,-0.16143452363673183,-0.18196790546716413,-0.08593330675563837,2026-06-08 20:08:44
model3,2024-11-19,"VOS,CTR",2,0.01859819592220119,0.026822658036720907,0.392829954624176,0.004,0.014598195922201188,-0.14583871861373376,-0.17002611268052514,-0.0614156084199885,2026-06-08 20:08:44
model3,2024-11-20,HAG,1,0.008583690987124415,0.01845231813974204,0.3563080132007599,0.004,0.004583690987124415,-0.13850686212114782,-0.16622176885367024,-0.04409655062555795,2026-06-08 20:08:44
model3,2024-11-21,VOS,1,0.016358463726884764,0.012621170318740235,0.37637031078338623,0.004,0.012358463726884764,-0.12441415787419652,-0.15591755082778214,-0.03203193038273189,2026-06-08 20:08:44
model3,2024-11-22,"CSM,VOS",2,0.05792583606075008,0.024696506803032696,0.39167243242263794,0.004,0.053925836060750076,-0.07369511592610356,-0.11039969905196478,-0.008126500366310574,2026-06-08 20:08:44
model3,2024-11-25,"VOS,CSM",2,0.03455422036410083,0.014603526465821293,0.36510252952575684,0.004,0.03055422036410083,-0.04168737283747137,-0.08321865542082796,0.00635835053633671,2026-06-08 20:08:44
model3,2024-11-26,"NHA,VOS,CSM",3,0.02172333589776169,0.010813496536598495,0.3985646665096283,0.004,0.01772333589776169,-0.020869625742553244,-0.06697023170604965,0.01724060307443831,2026-06-08 20:08:44
model3,2024-11-27,"VOS,CSM",2,0.022064454388939114,0.00436980818572341,0.3714849352836609,0.004,0.018064454388939114,0.0007343517410751677,-0.050115558013181016,0.021685749388603126,2026-06-08 20:08:44
model3,2024-11-28,"CSM,NHA,DBD",3,0.044140818340778876,0.025575489403258458,0.3868391513824463,0.004,0.04014081834077887,0.04490758496865488,-0.011986419182656083,0.04781586244555158,2026-06-08 20:08:44
model3,2024-11-29,"DBD,VOS,NHA,MIG",4,0.04922688255591573,0.01822388012025401,0.38718265295028687,0.004,0.045226882555915726,0.09634512793569239,0.03269835500061968,0.06691113311086005,2026-06-08 20:08:44
model3,2024-12-02,CSM,1,0.06025934401220456,0.02593478066477317,0.37188780307769775,0.004,0.05625934401220456,0.16241016615607373,0.09079728701543721,0.09458123933689477,2026-06-08 20:08:44
model3,2024-12-03,"IMP,CSM,VOS,NHA",4,0.02899878957985072,0.020889722714926135,0.37610089778900146,0.004,0.02499878957985072,0.1961186539699129,0.11806589886780805,0.11744673791560256,2026-06-08 20:08:44
model3,2024-12-04,"VOS,NHA,CSM",3,0.03889008451177519,0.030392220030733868,0.36863839626312256,0.004,0.03489008451177519,0.2426358095089136,0.15707531256903984,0.1514084250469594,2026-06-08 20:08:44
model3,2024-12-05,"NHA,L14,ANV,CSM,VCI",5,0.03848300084785208,0.008221439965077114,0.3897293508052826,0.004,0.03448300084785208,0.2904561644198165,0.19697474155338668,0.16087466028876696,2026-06-08 20:08:44
model3,2024-12-06,"VDS,CSV,L14,VOS,CSM",5,0.002146798958101925,0.002075077506387439,0.4059881567955017,0.004,-0.001853201041898075,0.2932265143690691,0.19475650671521416,0.16328356518406717,2026-06-08 20:08:44
model3,2024-12-09,"VOS,CTI,NHA,CSM,TDC",5,-0.004552296569165804,-0.006111931530380308,0.375389039516449,0.004,-0.008552296569165804,0.2873393637445525,0.1845385947418452,0.1561736556832456,2026-06-08 20:08:44
model3,2024-12-10,"VDS,NHA,CSM",3,0.0055169373583695185,-0.0027584028019196857,0.36645224690437317,0.004,0.0015169373583695184,0.29444153437329446,0.18633546558863956,0.15298446303190327,2026-06-08 20:08:44
model3,2024-12-11,"AVG,VDS,VOS,HAG,NHA",5,0.028194272135943787,0.004714971561582546,0.3701281249523163,0.004,0.024194272135943787,0.3309373712574839,0.2150379886876128,0.15842075198604522,2026-06-08 20:08:44
model3,2024-12-12,"CSM,VOS,VDS",3,0.016920265180852878,-0.008928456729506474,0.37088286876678467,0.004,0.012920265180852878,0.3534571845182677,0.23073660170626686,0.14807784242737543,2026-06-08 20:08:44
model3,2024-12-13,CSM,1,0.028591851322373074,0.007387819541282144,0.3566283881664276,0.004,0.024591851322373074,0.3921550311092117,0.2610026932324301,0.1565596343465736,2026-06-08 20:08:44
model3,2024-12-16,,0,0.0,0.016411603445302396,0.0,0.0,0.0,0.3921550311092117,0.2610026932324301,0.17554063242631335,2026-06-08 20:08:44
model3,2024-12-17,CSM,1,0.1225806451612903,0.01552343381120689,0.35892418026924133,0.004,0.1185806451612903,0.5628062929871149,0.41053320614605626,0.19378905962616755,2026-06-08 20:08:44
model3,2024-12-18,NHA,1,-0.030603448275862144,0.013984152843595462,0.3686583340167999,0.004,-0.03460344827586215,0.514979031434492,0.36172389330579513,0.21048318829899215,2026-06-08 20:08:44
model3,2024-12-19,CSM,1,0.08628005657708626,0.01928235916559354,0.3583792746067047,0.004,0.08228005657708626,0.6456915079797594,0.47376661228936623,0.23382415989968597,2026-06-08 20:08:44
model3,2024-12-20,VOS,1,0.03316326530612246,0.011569739734428222,0.37326809763908386,0.004,0.029163265306122458,0.7002680120709248,0.5167464590028663,0.2480991843077751,2026-06-08 20:08:44
model3,2024-12-23,"CSM,TTN",2,0.009976112155388461,-0.0015693537694473857,0.39948123693466187,0.004,0.005976112155388461,0.7172300764535637,0.5258107059531558,0.24614047514823767,2026-06-08 20:08:44
model3,2024-12-24,"GEE,TTN,CSM",3,0.00344315727405764,-0.0064871579895323895,0.36455440521240234,0.004,-0.0005568427259423601,0.7231427696825354,0.5249610693603808,0.23805656500880001,2026-06-08 20:08:44
model3,2024-12-25,,0,0.0,-0.006262659244720445,0.0,0.0,0.0,0.7231427696825354,0.5249610693603808,0.23030303861646084,2026-06-08 20:08:44
model3,2024-12-26,"SBB,FCN",2,-0.045038588230827015,-0.02090451391016752,0.4238433837890625,0.004,-0.04903858823082702,0.6455348520158768,0.4501791314119754,0.20458415163198151,2026-06-08 20:08:44
model3,2024-12-27,TTN,1,0.0775119617224882,-0.029699820445075287,0.3645585775375366,0.004,0.0735119617224882,0.7730834864783518,0.5567846442110838,0.16880821861752837,2026-06-08 20:08:44
model3,2024-12-30,"TTN,HDB",2,-0.0059496654501217106,-0.030268750005836124,0.3619064688682556,0.004,-0.00994966545012171,0.7625342329186704,0.5412951578232967,0.13342985484342762,2026-06-08 20:08:44
model3,2024-12-31,TTN,1,0.046973803071364006,-0.022271781563111426,0.3686179518699646,0.004,0.042973803071364,0.8453271688823296,0.607530472410442,0.1081863526992457,2026-06-08 20:08:44
model3,2025-01-02,,0,0.0,-0.032669208545344976,0.0,0.0,0.0,0.8453271688823296,0.607530472410442,0.07198278163580896,2026-06-08 20:08:44
model3,2025-01-03,TTN,1,0.01327231121281458,-0.03704691995543766,0.3726503252983093,0.004,0.00927231121281458,0.869818925357198,0.6224359952347145,0.03226912133093984,2026-06-08 20:08:44
model3,2025-01-06,L14,1,-0.005934718100890302,-0.016623478699705548,0.35559454560279846,0.004,-0.009934718100890302,0.8587220771354933,0.6063175509853203,0.015109217580131062,2026-06-08 20:08:44
model3,2025-01-07,SBB,1,0.0,-0.0144700790058391,0.3564303517341614,0.004,-0.004,0.8587220771354933,0.5998922807813789,0.000420507002190984,2026-06-08 20:08:44
model3,2025-01-08,SBB,1,-0.007407407407407418,-0.01252720959745551,0.36152568459510803,0.004,-0.011407407407407418,0.8449537654530082,0.5816416577265395,-0.012111970374618086,2026-06-08 20:08:44
model3,2025-01-09,HDB,1,-0.02901915264074284,-0.007026220536683042,0.35650908946990967,0.004,-0.033019152640742844,0.791414770518214,0.5294171904071094,-0.019053089536315237,2026-06-08 20:08:44
model3,2025-01-10,HDB,1,0.042042042042042205,0.023181130088231444,0.36011365056037903,0.004,0.0380420420420422,0.8667295056150761,0.5875993434643987,0.003686368404792084,2026-06-08 20:08:44
model3,2025-01-13,,0,0.0,0.022987016517509114,0.0,0.0,0.0,0.8667295056150761,0.5875993434643987,0.026758123533711764,2026-06-08 20:08:44
model3,2025-01-14,,0,0.0,0.022354477790684356,0.0,0.0,0.0,0.8667295056150761,0.5875993434643987,0.04971076520265094,2026-06-08 20:08:44
model3,2025-01-15,"FCN,CTI",2,0.006989287216408069,0.006882125003682656,0.3917602300643921,0.004,0.0029892872164080687,0.8797766142851635,0.5923451338865948,0.05693500590648681,2026-06-08 20:08:44
model3,2025-01-16,FCN,1,-0.03262316910785623,0.012389481077060675,0.3614404499530792,0.004,-0.036623169107856235,0.8184523439123452,0.5340284087701941,0.07002988216184813,2026-06-08 20:08:44
model3,2025-01-17,"CTI,TRC,FCN",3,0.023284917164022922,0.005130771572842257,0.379462867975235,0.004,0.019284917164022922,0.8607948561070673,0.5636120195605854,0.07551996106333592,2026-06-08 20:08:44
model3,2025-01-20,"TRC,FCN",2,0.011679322731911745,-0.0015940725777139674,0.3929733633995056,0.004,0.007679322731911745,0.8825276797694233,0.5756195008862877,0.0738055041866208,2026-06-08 20:08:44
model3,2025-01-21,"TRC,CTP,FCN",3,0.02873265856271523,0.014891348079450965,0.39169541001319885,0.004,0.02473265856271523,0.9366177048270987,0.6145887600264639,0.08979591571909418,2026-06-08 20:08:44
model3,2025-01-22,"FCN,CTI",2,-0.0010265602085708925,0.028832694713327507,0.3689766526222229,0.004,-0.0050265602085708926,0.9346296501521094,0.6064729324121092,0.12121766865685402,2026-06-08 20:08:44
model3,2025-01-23,"FCN,THG",2,-0.018939575411212273,0.01682639915176184,0.3749895393848419,0.004,-0.022939575411212273,0.8979885860002863,0.5696211254329704,0.1400837246856821,2026-06-08 20:08:44
model3,2025-01-24,"TDC,L14,NLG",3,-0.007795980289200403,0.01380403779923404,0.3787890672683716,0.004,-0.011795980289200404,0.8831919043947007,0.5511059055758505,0.15582148351553493,2026-06-08 20:08:44
model3,2025-02-03,TTN,1,-0.03133769878391013,0.014564575010374465,0.4343999922275543,0.004,-0.03533769878391013,0.8241770037424816,0.4962933923026669,0.1726555322107992,2026-06-08 20:08:44
model3,2025-02-04,"GEE,VPG",2,0.05936875514282347,-0.0013258414409511093,0.4065546691417694,0.004,0.05536875514282347,0.9324761216148383,0.579141294762898,0.1711007769102335,2026-06-08 20:08:44
model3,2025-02-05,"CTI,NHA",2,-0.004529445589151304,-0.0015283104485412705,0.36656758189201355,0.004,-0.008529445589151304,0.9237230761696495,0.5656720950116361,0.1693109713565868,2026-06-08 20:08:44
model3,2025-02-06,CSM,1,-0.011912225705329127,0.00463767761132444,0.44332653284072876,0.004,-0.015912225705329127,0.9008072526917665,0.5407587672552754,0.17473385866912317,2026-06-08 20:08:44
model3,2025-02-07,"SHS,CTI",2,0.02441119951380899,0.012706951931991664,0.36235204339027405,0.004,0.02041119951380899,0.9472082377745203,0.5722075018563733,0.1896611453441146,2026-06-08 20:08:44
model3,2025-02-10,"AVG,SHS,TDC,CSM",4,-0.0015945769789717512,0.018016935466718856,0.37603750824928284,0.004,-0.005594576978971751,0.9441032643453009,0.563411665960321,0.2110951934270422,2026-06-08 20:08:44
model3,2025-02-11,"CSM,VPG,SHS,CTI",4,0.030638297837336126,0.011504534310855543,0.3633121848106384,0.004,0.026638297837336126,1.0036672791848495,0.6050582915605378,0.2250282796335359,2026-06-08 20:08:44
model3,2025-02-12,"GEE,CTI,TDC",3,0.07329926333541281,0.025020354047186843,0.38854512572288513,0.004,0.06929926333541281,1.15053461471837,0.7162876487760792,0.2556789209077832,2026-06-08 20:08:44
model3,2025-02-13,"TRC,GEE,CTI,CSM",4,0.03953997812744742,0.021425332318758455,0.38466763496398926,0.004,0.035539978127447414,1.235566706346653,0.7772844742739893,0.28258225907389267,2026-06-08 20:08:44
model3,2025-02-14,"SHS,CTI,VPG",3,0.01402213362266976,0.017274693733152144,0.37143754959106445,0.004,0.01002213362266976,1.2669141214254376,0.7950966567606597,0.30473847478696836,2026-06-08 20:08:44
model3,2025-02-17,"GEE,CTI,VPG,CSM",4,0.020879337104040885,0.019187329295589944,0.38284409046173096,0.004,0.016879337104040885,1.3142457855525902,0.8253966983644598,0.32977292154733173,2026-06-08 20:08:44
model3,2025-02-18,"TDC,VPG",2,-0.03592350975655617,0.015332963922516379,0.39555537700653076,0.004,-0.039923509756556175,1.2311099544962225,0.7525204554677207,0.35016228177855613,2026-06-08 20:08:44
model3,2025-02-19,"MCO,VPG,CTI",3,-0.024291378188058488,0.008804060387099574,0.387236624956131,0.004,-0.028291378188058488,1.176913218812413,0.7029392364797749,0.36204919203971864,2026-06-08 20:08:44
model3,2025-02-20,"NVL,VPG,CSM",3,-0.006282908875993994,0.012410466486585624,0.3843219578266144,0.004,-0.010282908875993993,1.1632358714276676,0.6854280674896984,0.3789528578906085,2026-06-08 20:08:44
model3,2025-02-21,"GEE,CLX,CTI,NVL",4,0.030080582695958313,0.009068588536395476,0.3568563461303711,0.004,0.026080582695958313,1.228307266949011,0.7293850135819526,0.3914580139699051,2026-06-08 20:08:44
model3,2025-02-24,"GEE,DRI,VPG,NVL",4,0.02379101614881382,0.0005605850833507864,0.3854585587978363,0.004,0.01979101614881382,1.281320961121514,0.7636113003132694,0.3922380445766456,2026-06-08 20:08:44
model3,2025-02-25,"DRI,TDC",2,-0.06878821567537524,-0.0019744522335899467,0.3825167715549469,0.004,-0.07278821567537525,1.124392962823133,0.6352411806185383,0.38948913705984234,2026-06-08 20:08:44
model3,2025-02-26,DRI,1,-0.03605313092979123,-0.011786390781520962,0.37489059567451477,0.004,-0.040053130929791236,1.0478019451881435,0.5697446515094375,0.37311207510377664,2026-06-08 20:08:44
model3,2025-02-27,,0,0.0,0.0006412928840257602,0.0,0.0,0.0,1.0478019451881435,0.5697446515094375,0.3739926421065105,2026-06-08 20:08:44
model3,2025-02-28,"DRI,LBM,CTP,NVL",4,-0.018174561860329924,-0.0009487928961432187,0.3730448782444,0.004,-0.022174561860329924,1.0105840420576175,0.5349362516296194,0.3726890076483267,2026-06-08 20:08:44
model3,2025-03-03,"DRI,NVL",2,-0.006156837329876874,-0.00189324814896499,0.36892712116241455,0.004,-0.010156837329876874,0.9982052031726225,0.5193461538100865,0.3700901667254919,2026-06-08 20:08:44
model3,2025-03-04,,0,0.0,0.007507602012354188,0.0,0.0,0.0,0.9982052031726225,0.5193461538100865,0.3803762584183068,2026-06-08 20:08:44
model3,2025-03-05,"GEE,DRI",2,0.09390070578843279,0.015786085642333168,0.3768019676208496,0.004,0.08990070578843279,1.1858380820606502,0.655936445374554,0.40216699625234154,2026-06-08 20:08:44
model3,2025-03-06,"GEE,DRI",2,0.007806136301927724,-0.007121652540318717,0.4368285536766052,0.004,0.003806136301927724,1.20290103206316,0.6622391651929793,0.39218125010153004,2026-06-08 20:08:44
model3,2025-03-07,"DRI,NVL",2,0.019056992875890466,-0.0156591099963707,0.37846583127975464,0.004,0.015056992875890466,1.244881701337479,0.6872674884613164,0.3703809307713053,2026-06-08 20:08:44
model3,2025-03-10,"BCM,GEE,TDC,DRI,IJC",5,-0.00214065467465725,-0.006473932407921095,0.3711150884628296,0.004,-0.00614065467465725,1.2400761848294586,0.6769065614708991,0.36150917725238796,2026-06-08 20:08:44
model3,2025-03-11,"GEE,DRI,NVL,CTI",4,-0.034802895693654606,-0.015243446565450063,0.3664347529411316,0.004,-0.03880289569365461,1.1621150470229993,0.6118377310781389,0.3407550848605714,2026-06-08 20:08:44
model3,2025-03-12,GEE,1,-0.0689329556185081,-0.016151546391101404,0.3779526650905609,0.004,-0.0729329556185081,1.0130740664444544,0.4942816413731801,0.31909981690834077,2026-06-08 20:08:44
model3,2025-03-13,NVL,1,0.043269230769230616,-0.008807758062536995,0.3588797450065613,0.004,0.03926923076923061,1.1001782327809928,0.5529609319824882,0.3074815048606754,2026-06-08 20:08:44
model3,2025-03-14,"NVL,GEE,TDC",3,-0.02537034721177145,-0.008339921821177165,0.3828173577785492,0.004,-0.02937034721177145,1.0468959818087344,0.5073499302038462,0.29657721132750225,2026-06-08 20:08:44
model3,2025-03-17,"NAB,GEE,DRI",3,-0.035641641284986814,-0.014918662287043144,0.37495943903923035,0.004,-0.03964164128498682,0.9739412494774267,0.44759610497975544,0.277234013782631,2026-06-08 20:08:44
model3,2025-03-18,"POW,GEE,NVL",3,-0.003985285562717896,-0.005137453200405253,0.36270153522491455,0.004,-0.007985285562717895,0.9660745299142308,0.43603663670201387,0.27067228381085706,2026-06-08 20:08:44
model3,2025-03-19,,0,0.0,-0.0037832292631533775,0.0,0.0,0.0,0.9660745299142308,0.43603663670201387,0.26586503924286586,2026-06-08 20:08:44
model3,2025-03-20,IJC,1,-0.02463891248937966,-0.0060967363720804335,0.3539358973503113,0.004,-0.02863891248937966,0.9176325916240757,0.3949101091319618,0.25814739381596885,2026-06-08 20:08:44
model3,2025-03-21,APG,1,-0.009478672985782088,-0.009464168906216089,0.35742610692977905,0.004,-0.013478672985782088,0.8994559793811934,0.37610857192641056,0.24624007437197903,2026-06-08 20:08:44
model3,2025-03-24,GEE,1,0.020554649265905445,-0.017822637591612563,0.3541789948940277,0.004,0.016554649265905445,0.9384986308334007,0.39888956668645825,0.22402878917430313,2026-06-08 20:08:44
model3,2025-03-25,DPR,1,-0.06925956738768713,-0.021905797970356716,0.38245341181755066,0.004,-0.07325956738768713,0.8042390542802555,0.29640752220785926,0.1972154618087505,2026-06-08 20:08:44
model3,2025-03-26,,0,0.0,-0.017424668122076128,0.0,0.0,0.0,0.8042390542802555,0.29640752220785926,0.1763543797161149,2026-06-08 20:08:44
model3,2025-03-27,,0,0.0,-0.08701014755640597,0.0,0.0,0.0,0.8042390542802555,0.29640752220785926,0.07399961155839119,2026-06-08 20:08:44
model3,2025-03-28,AVG,1,-0.07766990291262144,-0.0995502376490441,0.3633408844470978,0.004,-0.08166990291262144,0.6641039821031482,0.19053004573395138,-0.03291730500722778,2026-06-08 20:08:44
model3,2025-03-31,,0,0.0,-0.14336507015929467,0.0,0.0,0.0,0.6641039821031482,0.19053004573395138,-0.17156318342470633,2026-06-08 20:08:44
model3,2025-04-01,,0,0.0,-0.1399862640012714,0.0,0.0,0.0,0.6641039821031482,0.19053004573395138,-0.28753295833818826,2026-06-08 20:08:44
model3,2025-04-02,HMS,1,-0.08878148053930301,-0.12709754198152234,0.43959009647369385,0.004,-0.09278148053930302,0.5163623668006809,0.08007090546423123,-0.3780857680762514,2026-06-08 20:08:44
model3,2025-04-03,"BCA,POS,SAS,TCW,PPH",5,0.03022091779498324,-0.025349903528071385,0.5109597444534302,0.004,0.02622091779498324,0.5621882292351705,0.10839135588916204,-0.39385123385825305,2026-06-08 20:08:44
model3,2025-04-04,"CSC,CSM,LBM",3,-0.0006906579630079716,0.01208520888718899,0.38348889350891113,0.004,-0.004690657963007972,0.561109291494932,0.10319227114953144,-0.38652579940271814,2026-06-08 20:08:44
model3,2025-04-08,"TTN,VLC,LAI,DVN,GDA",5,0.1174044886150201,0.07815304639867864,0.4565935730934143,0.004,0.1134044886150201,0.7443905295350508,0.2282992265032866,-0.3385809217390465,2026-06-08 20:08:44
model3,2025-04-09,"LAI,ACV,TTN,CST",4,0.09471468421059187,0.10049488683980397,0.42817264795303345,0.004,0.09071468421059187,0.9096099276799103,0.3397240029516466,-0.2721116863155246,2026-06-08 20:08:44
model3,2025-04-10,"DPR,VHC,TRC,BCM,VRG",5,-0.06026598776748571,0.01998551323277015,0.5236960649490356,0.004,-0.06426598776748571,0.7945253991376835,0.25362531656614906,-0.25756446479040473,2026-06-08 20:08:44
model3,2025-04-11,"FRT,CTR,DGC,DBC,DGW",5,0.03273923566517913,0.0017879588264092588,0.5176829695701599,0.004,0.028739235665179132,0.853276789087202,0.28965354997477855,-0.2562370206221868,2026-06-08 20:08:44
model3,2025-04-14,"VHC,DGC,CSV,HDG,VOS",5,-0.06484653920942696,-0.014725921043068394,0.49714311957359314,0.004,-0.06884653920942696,0.7330982031177378,0.20086536627986318,-0.26718961553126175,2026-06-08 20:08:44
model3,2025-04-15,"GEE,BCM,HAG,AVG,MSN",5,-0.023045629099341602,-0.014385302636153972,0.42171868681907654,0.004,-0.027045629099341603,0.6931578647359511,0.16838720698521303,-0.27773131468676093,2026-06-08 20:08:44
model3,2025-04-16,"BCM,MSN,NLG,HAG,TPB",5,0.010277504164605645,0.017284184253622603,0.39413779973983765,0.004,0.006277504164605645,0.7105593017421097,0.1757217625429348,-0.2652474896491851,2026-06-08 20:08:44
model3,2025-04-17,"GEE,DPR,CTR,SHS,VDS",5,0.016188330295446262,0.027350633252407074,0.419886976480484,0.004,0.012188330295446262,0.7382504007086588,0.19005184772035233,-0.2451515432072945,2026-06-08 20:08:44
model3,2025-04-18,"BCM,CSV,DPR,HAG,AVG",5,0.012263238377771612,0.012005240512442845,0.41153573989868164,0.004,0.008263238377771612,0.7595669797328062,0.19988552981997332,-0.23608940593305172,2026-06-08 20:08:44
model3,2025-04-21,"BCM,NVL,CTR,DPR,VCG",5,0.013600749096441222,0.021444185758475395,0.3961435854434967,0.004,0.009600749096441222,0.7834984087425347,0.21140532973622528,-0.21970796525101288,2026-06-08 20:08:44
model3,2025-04-22,"AVG,VDS,BCM,CTR,SHS",5,0.07893488862509197,0.036125524562317525,0.4046455919742584,0.004,0.07493488862509197,0.9242786569996555,0.30218185319985214,-0.19151950618390756,2026-06-08 20:08:44
model3,2025-04-23,"BAF,CSV,VRE,CTR,BCM",5,0.05916895050087909,0.03952995260801544,0.42953547835350037,0.004,0.055168950500879096,1.038136205605566,0.3740218594021776,-0.15956031057885245,2026-06-08 20:08:44
model3,2025-04-24,"VHC,BCM,CSM,NVL,HAG",5,0.06406013475596586,0.027630351972402618,0.4202110171318054,0.004,0.06006013475596586,1.1686994855876716,0.45654579743551515,-0.13633866614856938,2026-06-08 20:08:44
model3,2025-04-25,"GEE,APG,TPB,FCN,SHS",5,0.003619201625358848,0.030612209493831494,0.4170127809047699,0.004,-0.0003807983746411522,1.1765484462908256,0.4559911471632614,-0.10990008446498745,2026-06-08 20:08:44
model3,2025-04-28,"DRI,HAG,TPB,SHS,NVL",5,0.04308977281236863,0.03389320603673732,0.4255371689796448,0.004,0.039089772812368626,1.2703354243566114,0.5129055103226934,-0.07973174463447674,2026-06-08 20:08:44
model3,2025-04-29,"DRI,HDG,DBC,TPB,DCL",5,0.043384986419230345,0.030398312832984463,0.4314328134059906,0.004,0.03938498641923034,1.3688338959094208,0.5724912733003316,-0.05175714231761064,2026-06-08 20:08:44
model3,2025-05-05,"DRI,HDG,CSV,CSM,ANV",5,0.03817004296277719,0.02419196564318188,0.4388364851474762,0.004,0.03417004296277719,1.4592523874879664,0.6262233676675961,-0.028817283683165607,2026-06-08 20:08:44
model3,2025-05-06,"NVL,DRI,DGW,HDG,TPB",5,0.028519372402199438,0.025692888828870854,0.44333142042160034,0.004,0.024519372402199438,1.529388722157734,0.6660973440285969,-0.0038647941203164837,2026-06-08 20:08:44
model3,2025-05-07,"NLG,CSM,DRI,PVT,DBC",5,0.045174754189357146,0.024492416759611224,0.4244818091392517,0.004,0.04117475418935715,1.6436532359305422,0.7346984926245153,0.020532964491009942,2026-06-08 20:08:44
model3,2025-05-08,"SHS,IJC,VOS,PVT,BVS",5,0.0167950836981829,0.015614434394885841,0.3976200222969055,0.004,0.0127950836981829,1.688053613296968,0.7568941050287576,0.0364680095128731,2026-06-08 20:08:44
model3,2025-05-09,"HAG,VOS,DBC,CSM,TDC",5,0.010508809363713078,0.010985018276360314,0.38887977600097656,0.004,0.006508809363713078,1.716301856278546,0.7683293938306213,0.047853629540234754,2026-06-08 20:08:44
model3,2025-05-12,"SHS,VOS,HAG,DRI,NVL",5,-0.014397582238805006,-0.003885528395784917,0.3903592526912689,0.004,-0.018397582238805006,1.6771936769173568,0.7357964083823261,0.04378216450802985,2026-06-08 20:08:44
model3,2025-05-13,"CSV,VDS,GEE,CSM,VOS",5,0.01981462442671218,-0.0011856831609502387,0.38654860854148865,0.004,0.01581462442671218,1.7302412641430425,0.7632473766621284,0.04254456957187247,2026-06-08 20:08:44
model3,2025-05-14,"NVL,CSM,VDS,GEE,HAG",5,0.015201195310854865,-0.0013752079511160054,0.38116416335105896,0.004,0.011201195310854865,1.771744194845036,0.7829978549094734,0.04111085399040437,2026-06-08 20:08:44
model3,2025-05-15,"CSM,VDS,NVL,GEE,CSV",5,0.004845812741240208,-0.010528447571272392,0.37477701902389526,0.004,0.0008458127412402077,1.785175548179875,0.7845059372127599,0.03014957294828391,2026-06-08 20:08:44
model3,2025-05-16,"GEE,NVL,VDS,CSM,APG",5,0.01687712780938635,-0.002594577709323422,0.3954979181289673,0.004,0.012877127809386348,1.8321813118780845,0.8074852482428574,0.027476769829043235,2026-06-08 20:08:44
model3,2025-05-19,"GEE,NVL",2,0.059668307141743426,0.017017814634853776,0.4327934980392456,0.004,0.05566830714174342,2.001172776276332,0.9081048921962112,0.04496217903961219,2026-06-08 20:08:44
model3,2025-05-20,"CSM,VHM,VDS,HAG,NVL",5,0.06844555427031684,0.024174722605911685,0.37952369451522827,0.004,0.06444555427031684,2.2065897104095513,1.0310737695796992,0.07022384985156394,2026-06-08 20:08:44
model3,2025-05-21,"NVL,VHM,VCG,CSM,HAG",5,0.04890281204449622,0.018761565715062163,0.39314407110214233,0.004,0.044902812044496226,2.3634009643215257,1.122274693303643,0.09030292494038084,2026-06-08 20:08:44
model3,2025-05-22,"NAG,NVL",2,0.06811560693641605,0.026288049128928778,0.35521888732910156,0.004,0.06411560693641605,2.592501062376813,1.258345623350602,0.11896486179662835,2026-06-08 20:08:44
model3,2025-05-23,"GEE,CSM,NAG",3,-0.012600160727736434,0.017308899882629406,0.40397778153419495,0.004,-0.016600160727736436,2.547234971576301,1.2208567230242022,0.13833291256164637,2026-06-08 20:08:44
model3,2025-05-26,"CTP,VHC,DPR,VOS,CSM",5,-0.02624435911456293,0.008469314740393863,0.3978169560432434,0.004,-0.03024435911456293,2.4541400631185164,1.1536883347510667,0.14797381227748008,2026-06-08 20:08:44
model3,2025-05-27,"CTP,GEE,NHA,SAV,NVL",5,-0.0008509059734131963,0.0027656342080148778,0.3817247748374939,0.004,-0.004850905973413196,2.451200914705803,1.1432409951431524,0.15114868792262004,2026-06-08 20:08:44
model3,2025-05-28,"CSM,VNP,HAG,DCL,NVL",5,0.03398491793513161,0.00956474207656723,0.37027713656425476,0.004,0.029984917935131607,2.5684896945697315,1.20750590049773,0.1621591282143786,2026-06-08 20:08:44
model3,2025-05-29,"NVL,NAG",2,-0.004098256622701357,0.008622757301317443,0.40123268961906433,0.004,-0.008098256622701357,2.5538651080459194,1.189628951219372,0.17218014432248174,2026-06-08 20:08:44
model3,2025-05-30,"NVL,PNC",2,0.08948298686687828,0.00958166756219083,0.3859187364578247,0.004,0.08548298686687827,2.871875572835849,1.376804974099794,0.18341158478838082,2026-06-08 20:08:44
model3,2025-06-02,NVL,1,-0.010309278350515538,-0.007966977132123946,0.36898157000541687,0.004,-0.014309278350515538,2.8319593298169226,1.3427946101405102,0.1739833717544812,2026-06-08 20:08:44
model3,2025-06-03,"APG,CSM,GEE,NVL",4,-0.017782105559513817,-0.012855913909758756,0.36936524510383606,0.004,-0.021782105559513817,2.7638190245143543,1.2917636106381698,0.15889074259571734,2026-06-08 20:08:44
model3,2025-06-04,"DBC,APG,NVL",3,-0.010656075994087725,-0.01361340062572523,0.36825332045555115,0.004,-0.014656075994087725,2.723711482961136,1.258175349000172,0.14311429863531755,2026-06-08 20:08:44
model3,2025-06-05,"NVL,VNP",2,-0.004677939248251772,-0.006634896910596111,0.3601611852645874,0.004,-0.008677939248251772,2.7062921868658263,1.2385790405096486,0.13552985310684385,2026-06-08 20:08:44
model3,2025-06-06,,0,0.0,0.0005245537338639003,0.0,0.0,0.0,2.7062921868658263,1.2385790405096486,0.1361254995312049,2026-06-08 20:08:44
model3,2025-06-09,NVL,1,0.03472222222222232,0.0201331225087973,0.35984763503074646,0.004,0.03072222222222232,2.834982887798668,1.3073531632541955,0.15899925339863508,2026-06-08 20:08:44
model3,2025-06-10,"DGW,GEE",2,0.052560646900269514,0.02318893617239683,0.4095047414302826,0.004,0.04856064690026951,3.0365520692328296,1.4193997254892023,0.1858752131095518,2026-06-08 20:08:44
model3,2025-06-11,"CTI,CTR,DGW",3,0.02261393230938491,0.013392126620232104,0.3723098337650299,0.004,0.01861393230938491,3.127834384489769,1.464434268208803,0.20175660411930973,2026-06-08 20:08:44
model3,2025-06-12,"CTI,NVL,DGW",3,0.044745144329046006,0.013377319036651784,0.3638383448123932,0.004,0.04074514432904601,3.3125349297901625,1.5648479981564178,0.21783288561701686,2026-06-08 20:08:44
model3,2025-06-13,"OIL,CTI",2,0.03675955330917979,0.020402292144692174,0.36039018630981445,0.004,0.03275955330917979,3.471061787439484,1.648871272881966,0.24267946793278883,2026-06-08 20:08:44
model3,2025-06-16,"DCL,CTI",2,-0.02475485305962588,0.004669940449527713,0.3718283176422119,0.004,-0.02875485305962588,3.3603813098709114,1.5727033686563812,0.2484827070458857,2026-06-08 20:08:44
model3,2025-06-17,"CTI,NVL",2,-0.0015578202576935762,-9.068582579134592e-06,0.36931341886520386,0.004,-0.005557820257693576,3.3535886195351257,1.5584047457570263,0.24847138507735833,2026-06-08 20:08:44
model3,2025-06-18,"OIL,VOS",2,-0.036561246220276955,0.0022619117844643304,0.3816342353820801,0.004,-0.04056124622027696,3.1944159940745065,1.4546326609332505,0.2512953172158312,2026-06-08 20:08:44
model3,2025-06-19,"DGW,OIL,VDS",3,-0.007719382062967924,0.006958406655859911,0.39393940567970276,0.004,-0.011719382062967923,3.162037694485222,1.425865882955534,0.26000233887959223,2026-06-08 20:08:44
model3,2025-06-20,"ANV,OIL,CTI",3,0.03569121397612093,0.006995777575550142,0.39134085178375244,0.004,0.03169121397612093,3.310585872415775,1.5027445177296492,0.26881703498706666,2026-06-08 20:08:44
model3,2025-06-23,ANV,1,0.19777647747220595,0.012951057639539252,0.3522498309612274,0.004,0.19377647747220594,4.1631183621036225,1.9877175343881754,0.2852495575412135,2026-06-08 20:08:44
model3,2025-06-24,DGW,1,0.018604651162790642,0.005710408227443857,0.35174882411956787,0.004,0.014604651162790642,4.259176378142759,2.0313521067508677,0.2925888571889155,2026-06-08 20:08:44
model3,2025-06-25,"DGW,CTI",2,0.009111617312072995,0.01526224645430557,0.36012744903564453,0.004,0.005111617312072995,4.307095980677089,2.0468472186587245,0.3123166668914219,2026-06-08 20:08:44
model3,2025-06-26,"CTI,DGW",2,-0.02649733806566107,0.011188357860505604,0.3660823106765747,0.004,-0.03049733806566107,4.166472064330177,1.9539264889968706,0.3269993353869092,2026-06-08 20:08:44
model3,2025-06-27,CTI,1,0.030674846625766916,0.014983787441627197,0.3666565418243408,0.004,0.026674846625766916,4.324952802499815,2.0327220250346523,0.34688281136352717,2026-06-08 20:08:44
model3,2025-06-30,"ANV,DCL,CTI,MPC",4,0.03365086361909528,0.01797702736771594,0.39185577630996704,0.004,0.029650863619095278,4.504142063034855,2.1226448521935812,0.37109576052451554,2026-06-08 20:08:44
model3,2025-07-01,"ANV,DCL,OIL,CTI",4,0.017793687874309017,0.025838124764528497,0.3969050943851471,0.004,0.013793687874309016,4.602081048920353,2.1657176406270575,0.4065223038490642,2026-06-08 20:08:44
model3,2025-07-02,"ANV,DGW,DCL",3,-0.011577665888707048,0.020538159548514987,0.37720155715942383,0.004,-0.015577665888707048,4.537222026254496,2.1164031489233834,0.43540968333406127,2026-06-08 20:08:44
model3,2025-07-03,DCL,1,-0.004347826086956608,0.025213895607997583,0.37121453881263733,0.004,-0.008347826086956608,4.513147147879476,2.090387957419327,0.47160195324435494,2026-06-08 20:08:44
model3,2025-07-04,CTI,1,-0.031746031746031744,0.021253271760164765,0.3606662452220917,0.004,-0.03574603174603175,4.338126603502349,1.9799188513858619,0.5028783094794465,2026-06-08 20:08:44
model3,2025-07-07,"DGW,CTI",2,-0.019448793815866783,0.01788486973668487,0.36274808645248413,0.004,-0.023448793815866783,4.234306479827839,1.9100433486517003,0.5297570922745756,2026-06-08 20:08:44
model3,2025-07-08,"ANV,MPC",2,-0.04425019979449707,0.0116793621349213,0.3749980926513672,0.004,-0.04825019979449707,4.002687372309826,1.7696331756686083,0.5476236793337146,2026-06-08 20:08:44
model3,2025-07-09,MPC,1,-0.020968908170643563,0.016730091696128126,0.3719039857387543,0.004,-0.024968908170643563,3.8977864801934237,1.7004784592389708,0.5735155654000668,2026-06-08 20:08:44
model3,2025-07-10,NHH,1,0.004424778761061843,0.022374912285101637,0.36879485845565796,0.004,0.0004247787610618427,3.9194581017871997,1.7016255651331607,0.6087228381551353,2026-06-08 20:08:44
model3,2025-07-11,VCI,1,0.016129032258064502,0.023632125877459813,0.38387632369995117,0.004,0.012129032258064502,3.9988042002031223,1.7343936687618724,0.6467403787683619,2026-06-08 20:08:44
model3,2025-07-14,"ANV,CSM",2,-0.0009292803502019553,0.014227287773039098,0.3642660081386566,0.004,-0.004929280350201955,3.9941589096853667,1.720915075780728,0.6701690280245829,2026-06-08 20:08:44
model3,2025-07-15,"ANV,GEE",2,0.11123821881576745,0.025404233550428323,0.3763737678527832,0.004,0.10723821881576745,4.549700251281662,2.0127011620564224,0.7125983920812113,2026-06-08 20:08:44
model3,2025-07-16,"GEE,SHS,ANV,FCN",4,0.044442095180491026,0.02819136773666811,0.403372198343277,0.004,0.04044209518049102,4.796340558072317,2.1345411092026843,0.7608788831375992,2026-06-08 20:08:44
model3,2025-07-17,"GEE,VHM,VCA,HDG,NVL",5,-0.025156772651814197,0.01653781853177853,0.407970130443573,0.004,-0.029156772651814197,4.650523336440402,2.043148006713896,0.7899999785633698,2026-06-08 20:08:44
model3,2025-07-18,"HAG,GEE,DHA",3,-0.020475968787386556,0.02227524431251451,0.39346596598625183,0.004,-0.024475968787386556,4.534823396971049,1.9686640110861693,0.8298726654052646,2026-06-08 20:08:44
model3,2025-07-21,ANV,1,0.0664893617021276,0.03929899100388564,0.3796406388282776,0.004,0.0624893617021276,4.9028302717696555,2.1541739302470218,0.9017848148212824,2026-06-08 20:08:44
model3,2025-07-22,"VJC,ANV",2,0.06688759686456269,-0.0033112005202850974,0.3890027403831482,0.004,0.06288759686456269,5.2976564033477205,2.3525323488131096,0.8954876239529759,2026-06-08 20:08:44
model3,2025-07-23,"VJC,VDS,CSV,PC1",4,0.004272445685969323,-0.001874613485138857,0.40851181745529175,0.004,0.00027244568596932264,5.324562798279921,2.353445731788616,0.8919343172921999,2026-06-08 20:08:44
model3,2025-07-24,GEE,1,0.01838626348579231,0.00282864120951824,0.3647848963737488,0.004,0.014386263485792309,5.440847876321535,2.401689285671433,0.8972859206677943,2026-06-08 20:08:44
model3,2025-07-25,"VJC,SHS,VDS,ANV",4,0.01120306230346127,-0.00904481048291737,0.3727196156978607,0.004,0.00720306230346127,5.513005096367082,2.4261918655331414,0.8801253290834468,2026-06-08 20:08:44
model3,2025-07-28,"SHS,NHA,BVS,AGG,DSC",5,0.023337085489570163,-0.007503587941723984,0.4067625105381012,0.004,0.019337085489570163,5.664999653095007,2.4924444305406257,0.8660176433352063,2026-06-08 20:08:44
model3,2025-07-29,HAG,1,0.12030075187969924,0.03197540120065658,0.3745238184928894,0.004,0.11630075187969924,6.466804122640271,2.8986183437105684,0.9256843061283531,2026-06-08 20:08:44
model3,2025-07-30,"AGG,SHS,NHH",3,0.0650619009860316,0.04289485600971832,0.39905527234077454,0.004,0.06106190098603159,6.952608593149585,3.1366753909965492,1.0082862571599027,2026-06-08 20:08:44
model3,2025-07-31,"PC1,NAF,AGG,NHH",4,0.019849125297344672,0.03418773418664983,0.4139973819255829,0.004,0.015849125297344672,7.110460917555752,3.202238077582896,1.0769450138903873,2026-06-08 20:08:44
model3,2025-08-01,"PC1,FCN,NAF,VOS,NVL",5,0.047228160495950314,0.04331195932573317,0.40318554639816284,0.004,0.04322816049595031,7.493503067466207,3.383893099642843,1.166901571853792,2026-06-08 20:08:44
model3,2025-08-04,"NVL,TPB,CTI,ANV,NAF",5,0.05995744006861512,0.04397380656062332,0.4113718867301941,0.004,0.055957440068615125,8.00275176860641,3.629204535033323,1.262188482410401,2026-06-08 20:08:44
model3,2025-08-05,"HAG,MBB,TPB,NAF,NAG",5,0.07516955055477462,0.04526439552185748,0.3884657025337219,0.004,0.07116955055477461,8.679484572808757,3.95866294121777,1.3645850766232157,2026-06-08 20:08:44
model3,2025-08-06,"ANV,DGW,NAF,GEE,NVL",5,0.029031301647918006,0.03312473088079675,0.38953083753585815,0.004,0.025031301647918006,8.960492609238337,4.082784729069744,1.442911320931108,2026-06-08 20:08:44
model3,2025-08-07,"VDS,ANV,TPB,FCN,HT1",5,0.02032392888625716,0.03201019373692506,0.4439956545829773,0.004,0.01632392888625716,9.162928952700586,4.165755745531232,1.5211093855962403,2026-06-08 20:08:44
model3,2025-08-08,"HT1,HAG,TDC,NAF,AGG",5,-0.01734363112908921,0.005504136352929742,0.4145846962928772,0.004,-0.02134363112908921,8.986666861753806,4.05549976039564,1.5349859154152132,2026-06-08 20:08:44
model3,2025-08-11,"GEE,TPB,MSN,PC1,BMS",5,0.03529061322060414,0.012059482819049233,0.3944663405418396,0.004,0.03129061322060414,9.339102459334983,4.213689448035037,1.5655565345086946,2026-06-08 20:08:44
model3,2025-08-12,"VOS,HT1,HAG,POW,VDS",5,0.02190471914210035,0.01594562511031275,0.39241665601730347,0.004,0.01790471914210035,9.565577594888113,4.307039093296237,1.6064659372072834,2026-06-08 20:08:44
model3,2025-08-13,"EVG,HDG,NLG,VDS,AFX",5,-0.009915984926591025,-0.0029544550431565924,0.4263891577720642,0.004,-0.013915984926591025,9.460809486716474,4.233186417269097,1.5987652507742856,2026-06-08 20:08:44
model3,2025-08-14,"HDG,MBB,HDB,EVG,VJC",5,-0.0016228006153135243,-0.012188848053356415,0.4376506805419922,0.004,-0.005622800615313525,9.443833678644754,4.203761253462027,1.5670892960062552,2026-06-08 20:08:44
model3,2025-08-15,"NAG,DSC,FCN,CRE,MBB",5,-0.007508261298565499,-0.017496026291153592,0.3873668313026428,0.004,-0.0115082612985655,9.36541864642673,4.143875009221834,1.522175434191591,2026-06-08 20:08:44
model3,2025-08-18,"PC1,HDG,TCI,CRE,NHA",5,-0.10587579515743976,-0.04648358917494748,0.42621225118637085,0.004,-0.10987579515743977,8.267971705096548,3.5786876523931026,1.4049356674814844,2026-06-08 20:08:44
model3,2025-08-19,"VDS,SAM,DSC,HDB,EVG",5,-0.03710290797814379,-0.031022252561171533,0.44641390442848206,0.004,-0.041102907978143796,7.92410300377831,3.390490275156126,1.330329145811504,2026-06-08 20:08:44
model3,2025-08-20,"L14,FCN,MSB,AGG,CSM",5,-0.014015712044977247,-0.020628051268635067,0.37161290645599365,0.004,-0.018015712044977247,7.799025345817636,3.3113924666226406,1.2822589967189097,2026-06-08 20:08:44
model3,2025-08-21,"TPB,MSB,SSB,STB,TCI",5,-0.013159277691568572,-0.00946811577567248,0.4258083403110504,0.004,-0.017159277691568574,7.683236527876872,3.2374120860505258,1.2606503043079047,2026-06-08 20:08:44
model3,2025-08-22,"NVL,TDC,LDP,MBB,VOS",5,0.04505880150852213,0.019213919679570958,0.37399205565452576,0.004,0.04105880150852213,8.074492759038025,3.4113951478014863,1.3040862576784744,2026-06-08 20:08:44
model3,2025-08-25,"HAG,NAG,VOS,PC1,FCN",5,0.030707774527580067,0.05042827803964182,0.41486239433288574,0.004,0.026707774527580067,8.353150236634722,3.5292136947610295,1.4202773601080025,2026-06-08 20:08:44
model3,2025-08-26,"NAF,ANV,MSB,TCI,EVG",5,0.0441628274641019,0.024322250659360417,0.40435537695884705,0.004,0.040162827464101894,8.766211796781045,3.7111197229317643,1.4791439527257242,2026-06-08 20:08:44
model3,2025-08-27,"CSM,IJC,TCI,MSB,HDB",5,0.04541461038885941,0.012306554266785055,0.3916356861591339,0.004,0.04141461038885941,9.209740500506939,3.9062289107522554,1.5096536723151153,2026-06-08 20:08:44
model3,2025-08-28,"TCI,DSC,EVG,VDS,MSB",5,0.003356133602003042,-0.027009301237610934,0.4068090319633484,0.004,-0.0006438663979969582,9.244005753668421,3.9030699548157406,1.4418696802774797,2026-06-08 20:08:44
model3,2025-08-29,"TCI,SHS,MSB,EVG,RYG",5,-0.030967896253479378,-0.027214209367199472,0.42185458540916443,0.004,-0.034967896253479375,8.926770446268772,3.7316199133121914,1.375416127550992,2026-06-08 20:08:44
model3,2025-09-03,"L14,MSB,CRE,EVG,TPB",5,-0.07397543083797017,-0.035980666085130605,0.39230307936668396,0.004,-0.07797543083797018,8.19243332567641,3.3626698120101537,1.2899470730523457,2026-06-08 20:08:44
model3,2025-09-04,"TCI,SSB,ACB,EVG,MSB",5,-0.0669727140370084,-0.03178322019357175,0.3922883868217468,0.004,-0.0709727140370084,7.5767911172516165,3.053039295004468,1.217165180997898,2026-06-08 20:08:44
model3,2025-09-05,"EVG,TCI,HAG,ACB,IJC",5,-0.03969261631809855,-0.0062111233489798275,0.38396111130714417,0.004,-0.04369261631809855,7.236355838194072,2.8759514041656615,1.2033940945736572,2026-06-08 20:08:44
model3,2025-09-08,"SHS,MSB,POW,EVG,TPB",5,0.0006553596099255987,0.03740067424375682,0.3914966583251953,0.004,-0.0033446403900744015,7.2417536131434,2.862987740549323,1.2858025193354243,2026-06-08 20:08:44
model3,2025-09-09,"CTP,IJC,PC1,CSM,SSB",5,0.06759549287796447,0.021797328448960703,0.3704460561275482,0.004,0.06359549287796447,7.798859010802573,3.108656349891092,1.3356269076188405,2026-06-08 20:08:44
model3,2025-09-10,"CSM,RYG,PC1,TDC,TPB",5,-0.0010205146559942424,0.013221323792520012,0.36500781774520874,0.004,-0.005020514655994243,7.789879646226021,3.0880287804700197,1.3665069872229916,2026-06-08 20:08:44
model3,2025-09-11,ANV,1,-0.022992700729926985,0.004804719477528292,0.3520291745662689,0.004,-0.026992700729926985,7.58777657406827,2.977681843023464,1.3778773894382086,2026-06-08 20:08:44
model3,2025-09-12,"CSM,IJC,TDC,EVG,NHA",5,0.006147393809266499,-0.011193820233038634,0.4046572148799896,0.004,0.0021473938092664993,7.640569018615061,2.986223492388404,1.3512598574046302,2026-06-08 20:08:44
model3,2025-09-15,"CSM,GEE,VHC,EVG,IJC",5,-0.04774562103922579,-0.03895565797228705,0.4177156388759613,0.004,-0.051745621039225795,7.2280196846889915,2.779953882173615,1.259664982595607,2026-06-08 20:08:44
model3,2025-09-16,"IJC,TCI,VOS",3,-0.058484604232609226,-0.03133145553779902,0.36603355407714844,0.004,-0.06248460423260922,6.746807209811838,2.5437649598284815,1.188866389663091,2026-06-08 20:08:44
model3,2025-09-17,"CSM,TCI,EVG,FCN,DCL",5,0.018240516938511607,-0.004694730183005233,0.35910558700561523,0.004,0.014240516938511607,6.888112977941794,2.5942300047650226,1.1785902525569742,2026-06-08 20:08:44
model3,2025-09-18,"IJC,TDC,HDG,CSM,FCN",5,0.006612302980136819,0.0006414256999163816,0.3701934516429901,0.004,0.0026123029801368193,6.940271570893494,2.6036192225177675,1.1799876563345513,2026-06-08 20:08:44
model3,2025-09-19,"TDC,IJC,GEE,CRE,SHS",5,0.002334862045082109,-0.005845724760247643,0.3844717741012573,0.004,-0.001665137954917891,6.958811009612018,2.5976186993752814,1.167244048514882,2026-06-08 20:08:44
model3,2025-09-22,"TCI,IJC,FCN,ANV,DTL",5,0.02700598054554788,0.004703481746538833,0.3606802523136139,0.004,0.02300598054554788,7.173746504903292,2.680385445183408,1.1774376413373666,2026-06-08 20:08:44
model3,2025-09-23,"IJC,DTL,MSB,SHS,TCI",5,0.011722919576448864,0.003539105141373948,0.365154892206192,0.004,0.007722919576448864,7.269566677818553,2.708808765986892,1.185143822088845,2026-06-08 20:08:44
model3,2025-09-24,IJC,1,-0.02857142857142858,-0.008962612643952546,0.3658466637134552,0.004,-0.032571428571428584,7.033293344166594,2.588007566180462,1.1655592244401367,2026-06-08 20:08:44
model3,2025-09-25,IJC,1,-0.06761565836298944,-0.020900196230464425,0.3855728507041931,0.004,-0.07161565836298944,6.490116925877749,2.331050042117061,1.1202986117006453,2026-06-08 20:08:44
model3,2025-09-26,IJC,1,-0.10915492957746475,-0.025214009446648544,0.3508020043373108,0.004,-0.11315492957746476,5.672533740306586,1.9541253091822939,1.0668373824755095,2026-06-08 20:08:44
model3,2025-09-29,GEE,1,0.0023944926668664213,0.00742559045942262,0.4210554361343384,0.004,-0.0016055073331335788,5.688511073417169,1.9493824393354062,1.082184870423998,2026-06-08 20:08:44
model3,2025-09-30,"GEE,VRE",2,0.007753518889642763,0.0015297764358785675,0.4176611602306366,0.004,0.003753518889642763,5.740370570368494,1.9604530020342321,1.0853701477739155,2026-06-08 20:08:44
model3,2025-10-01,"CTP,TCI,IJC",3,-0.05465686274509799,0.00805184672383501,0.4228053390979767,0.004,-0.05865686274509799,5.371963061252766,1.786802116630597,1.1021612285662523,2026-06-08 20:08:44
model3,2025-10-02,HDG,1,0.0682119205298013,0.025443385678064485,0.3525364100933075,0.004,0.06421192052980129,5.806606899205769,1.9657480326759629,1.1556473274621375,2026-06-08 20:08:44
model3,2025-10-03,"ANV,IJC,HDG",3,0.06312637164626933,0.03178944843946939,0.3816683292388916,0.004,0.05912637164626933,6.236283295975094,2.141101953065154,1.2241741670321753,2026-06-08 20:08:44
model3,2025-10-06,"TCI,HDG,DCL,VCI,VDS",5,-0.002659639720413565,0.0023782066478369376,0.39241930842399597,0.004,-0.006659639720413565,6.217037389492953,2.120183345732652,1.2294637128221582,2026-06-08 20:08:44
model3,2025-10-07,TCI,1,-0.05857740585774052,-0.0013933307150052624,0.3594144284725189,0.004,-0.06257740585774052,5.794282061238136,1.9249303661561772,1.2263573325530932,2026-06-08 20:08:44
model3,2025-10-08,"ANV,TCI,VRE,VMD",4,0.04555962796365756,-0.004318032397905963,0.3886023461818695,0.004,0.04155962796365756,6.103827024228298,2.046489383993233,1.2167438494618135,2026-06-08 20:08:44
model3,2025-10-09,"ANV,SHS",2,-0.020981353850958506,-0.005576340435275787,0.3612041473388672,0.004,-0.024981353850958506,5.954779115736963,1.9703839546885096,1.2043825310994105,2026-06-08 20:08:44
model3,2025-10-10,ANV,1,-0.0258267716535433,-0.02017462436806923,0.3690701723098755,0.004,-0.0298267716535433,5.775159623613993,1.8817869907486666,1.159909941570946,2026-06-08 20:08:44
model3,2025-10-13,"VRE,LDP,ANV,SHS,TCI",5,-0.07085239314412524,-0.06847640232182879,0.3985169529914856,0.004,-0.07485239314412524,5.29512335034749,1.6660783379595219,1.0120070794330163,2026-06-08 20:08:44
model3,2025-10-14,"GEE,VJC",2,0.17434731551505467,-0.041656699776123844,0.42871224880218506,0.004,0.17034731551505466,6.392661207316711,2.1202376257837647,0.9281935045776393,2026-06-08 20:08:44
model3,2025-10-15,"GEE,HDG,VJC",3,0.030238463015089517,-0.026836871872226373,0.4354519546031952,0.004,0.026238463015089517,6.616203919817245,2.202107865326183,0.87644682255043,2026-06-08 20:08:44
model3,2025-10-16,"GEE,NLG,SHS",3,-0.03883046523443464,-0.03295337972050497,0.4252900779247284,0.004,-0.042830465234434636,6.320463178290416,2.06496009572342,0.8146115578815907,2026-06-08 20:08:44
model3,2025-10-17,SHS,1,-0.15693430656934293,-0.027855111854116054,0.36021682620048523,0.004,-0.16093430656934293,5.171631365639001,1.5717028680554646,0.7640653499650272,2026-06-08 20:08:44
model3,2025-10-20,"SHS,TCI,BVS,IJC,DSC",5,-0.025050354865010283,0.011803974523464019,0.3874890208244324,0.004,-0.029050354865010283,5.0170298098337165,1.4969939871310887,0.7848883324137399,2026-06-08 20:08:44
model3,2025-10-21,"SAV,HDB,FRT,NVL",4,-0.004275951984921866,0.01048576784329369,0.40718162059783936,0.004,-0.008275951984921866,4.991301279275024,1.4763289847869534,0.8036042570936339,2026-06-08 20:08:44
model3,2025-10-22,"HT1,DCL,ANV,HDB",4,-0.03536497545665815,0.011763275887786464,0.3872235417366028,0.004,-0.03936497545665815,4.779419056580019,1.3788483550782038,0.8248205515622122,2026-06-08 20:08:44
model3,2025-10-23,"NLG,TCI",2,0.02917771883289122,0.0097193507457684,0.3533347547054291,0.004,0.02517771883289122,4.948049320830364,1.4387423301084485,0.842556622550932,2026-06-08 20:08:44
model3,2025-10-24,"CTR,NVL,VCI",3,-0.013821809909604613,0.013050061009434153,0.3596022129058838,0.004,-0.017821809909604615,4.8658365137848945,1.3952795278827494,0.8666020988885585,2026-06-08 20:08:44
model3,2025-10-27,NAG,1,-0.11111111111111105,0.002725159600951277,0.3852459192276001,0.004,-0.11511111111111105,4.214076901142128,1.1195562400064687,0.8716888875195004,2026-06-08 20:08:44
model3,2025-10-28,"VJC,CSV",2,-0.004533333333333278,0.005625046236633914,0.37791627645492554,0.004,-0.008533333333333278,4.190439752523618,1.101469360091747,0.8822172240523913,2026-06-08 20:08:44
model3,2025-10-29,"CTP,HAG,HDG",3,-0.035398230088495554,-0.014637231865609267,0.38000187277793884,0.004,-0.03939823008849555,4.006707371903313,1.0186751867189288,0.8546667741224929,2026-06-08 20:08:44
model3,2025-10-30,"NVL,NLG",2,-0.03530565544295522,-0.017709100561819006,0.35753220319747925,0.004,-0.03930565544295522,3.8299422865271913,0.9393298353785113,0.8218222937108934,2026-06-08 20:08:44
model3,2025-10-31,"DCL,VRE,SHS",3,-0.027027601593808608,-0.03611087095884559,0.38850829005241394,0.004,-0.03102760159380861,3.6994005306858453,0.8791570818874006,0.7560347039527513,2026-06-08 20:08:44
model3,2025-11-03,"CTX,DCL,VRE,SHS",4,-0.022475888119938087,-0.024447020408930143,0.43191808462142944,0.004,-0.026475888119938087,3.5937773301273728,0.8294047292275606,0.7131048877064288,2026-06-08 20:08:44
model3,2025-11-04,"VRE,VHM,VCI",3,-0.07395016877249228,-0.027985470466654155,0.41482362151145935,0.004,-0.07795016877249228,3.2540667212612044,0.6868023218310768,0.6651628414652397,2026-06-08 20:08:44
model3,2025-11-05,"VRE,SHS,HAG,VHM",4,-0.021511903119031922,-0.005986978116299539,0.37417274713516235,0.004,-0.025511903119031922,3.162553650091535,0.6437687844155642,0.6551935479733122,2026-06-08 20:08:44
model3,2025-11-06,VRE,1,-0.0015625000000000222,-0.001644917551730881,0.4146489202976227,0.004,-0.005562500000000022,3.1560496600132675,0.6346253205522525,0.6524708910547392,2026-06-08 20:08:44
model3,2025-11-07,"SHS,VRE,DCL,HAG",4,0.05838484132063576,0.020682837198830538,0.3805781900882721,0.004,0.05438484132063576,3.3986999599338246,0.7235241592291801,0.686648677470231,2026-06-08 20:08:44
model3,2025-11-10,"STB,DCL",2,0.0012418669598026622,0.04677739627975929,0.3749939203262329,0.004,-0.002758133040197338,3.4041625600801515,0.7187704503000318,0.7655457110409878,2026-06-08 20:08:44
model3,2025-11-11,"VHM,DCL,VRE,STB,SHS",5,0.01872721578116614,0.04256267731738501,0.38839665055274963,0.004,0.01472721578116614,3.4866402626781055,0.7440831535998926,0.8406920634291184,2026-06-08 20:08:44
model3,2025-11-12,"NVL,GEE,SHS,STB,HAG",5,0.052164190898810345,0.011761818042295254,0.3897724747657776,0.004,0.04816419089881034,3.7206822218347346,0.8280855075532771,0.8623419485510684,2026-06-08 20:08:44
model3,2025-11-13,"DGC,GEE,NVL,STB,HAG",5,0.03761584220406242,0.004815699808214229,0.37704795598983765,0.004,0.03361584220406243,3.898254659386793,0.8895381415107215,0.8713104283155351,2026-06-08 20:08:44
model3,2025-11-14,"NVL,HAG,VRE,SHS,STB",5,0.023783676364262152,0.0032363002048988523,0.40394583344459534,0.004,0.01978367636426215,4.014753162955388,0.9269201525802993,0.8773665506381221,2026-06-08 20:08:44
model3,2025-11-17,"NVL,HAG,DGW,SHS,VRE",5,-0.00023861652619032724,-0.011555027927281558,0.40881913900375366,0.004,-0.004238616526190327,4.0135565599759415,0.9187526769769232,0.8556735277157543,2026-06-08 20:08:44
model3,2025-11-18,"ANV,NVL,VRE,HAG",4,-0.01726921184058139,-0.02204677664348181,0.38461393117904663,0.004,-0.02126921184058139,3.9269763896669803,0.8779423198206184,0.8147619079269832,2026-06-08 20:08:44
model3,2025-11-19,,0,0.0,0.0024564395483825077,0.0,0.0,0.0,3.9269763896669803,0.8779423198206184,0.8192197608485132,2026-06-08 20:08:44
model3,2025-11-20,"SHS,VJC,VRE",3,0.028404714158390593,0.0030604457001133165,0.37023434042930603,0.004,0.024404714158390593,4.06692574568061,0.9237729653417854,0.8247873841431632,2026-06-08 20:08:44
model3,2025-11-21,"NVL,HAG,SHS,VHM",4,-0.013239237604032755,0.004749251497939502,0.3708370625972748,0.004,-0.017239237604032755,3.9998435118115534,0.8906085860960438,0.8334537583607262,2026-06-08 20:08:44
model3,2025-11-24,"VRE,NVL,HAG,SHS",4,-0.03261511759405991,-0.0037649391826905607,0.3911840617656708,0.004,-0.036615117594059915,3.8367730277219225,0.8213837303917979,0.8265509164662226,2026-06-08 20:08:44
model3,2025-11-25,VJC,1,-0.005476951163852051,0.013344044300496117,0.4097258746623993,0.004,-0.00947695116385205,3.8102822580584528,0.8041225657282403,0.8509244928126598,2026-06-08 20:08:44
model3,2025-11-26,"GEE,DCL,NVL",3,0.07596668630867787,0.0028778240183436575,0.4313051700592041,0.004,0.07196668630867786,4.175703461412578,0.9339592884784116,0.8562511277742164,2026-06-08 20:08:44
model3,2025-11-27,"GEE,SHS,NVL,MSB",4,0.017841330866655403,0.013784471732141654,0.38725733757019043,0.004,0.013841330866655403,4.268044899335333,0.9607278588728827,0.8818385689727761,2026-06-08 20:08:44
model3,2025-11-28,"SHS,VRE",2,0.00771637122002089,0.013848621814965493,0.35944485664367676,0.004,0.00371637122002089,4.308695089382342,0.9680146514578913,0.9078994396312963,2026-06-08 20:08:44
model3,2025-12-01,"SHS,HAG",2,0.029387099028583497,0.011294568350807705,0.3698738217353821,0.004,0.025387099028583496,4.464702237686575,1.0179768343041564,0.9294483402586795,2026-06-08 20:08:44
model3,2025-12-02,"PC1,HAG,NVL",3,-0.020546609627069407,-0.0023572882637396767,0.3837827742099762,0.004,-0.024546609627069407,4.3524211340806565,0.9684423447160229,0.9249000743306957,2026-06-08 20:08:44
model3,2025-12-03,FRT,1,-0.03546099290780147,-0.019231142218537067,0.3715379536151886,0.004,-0.03946099290780147,4.162618966205455,0.8907656553117678,0.8878820472447695,2026-06-08 20:08:44
model3,2025-12-04,"NVL,HAG",2,-0.020281625115420143,-0.03405612285577383,0.39028412103652954,0.004,-0.024281625115420143,4.057912663719119,0.8448547924883758,0.8235881043065918,2026-06-08 20:08:44
model3,2025-12-05,"HID,NVL",2,-0.14572036150983514,-0.054729460687687005,0.4243481457233429,0.004,-0.14972036150983514,3.3208718018767955,0.5686424660238643,0.7237841108414105,2026-06-08 20:08:44
model3,2025-12-08,"FCN,NVL",2,-0.07355654761904756,-0.04898488453733518,0.3696640729904175,0.004,-0.07755654761904757,3.003043389426245,0.44698397191042405,0.6393447452045511,2026-06-08 20:08:44
model3,2025-12-09,"BCP,AFX,DCL",3,0.007086132258546078,-0.017073832271551286,0.3834833800792694,0.004,0.003086132258546078,3.0314094843204176,0.4514495558237359,0.6113548479896798,2026-06-08 20:08:44
model3,2025-12-10,AFX,1,-0.07364341085271331,-0.021825221565063904,0.3548314869403839,0.004,-0.07764341085271331,2.734522739351084,0.3387540616289253,0.5761866714123651,2026-06-08 20:08:44
model3,2025-12-11,AFX,1,0.020576131687242816,-0.01057018189474719,0.38523516058921814,0.004,0.016576131687242816,2.8113647710249747,0.36094542525131756,0.5595260915954603,2026-06-08 20:08:44
model3,2025-12-12,"VOS,GEE,VNP",3,0.026013979567038287,0.025813995464719353,0.37813329696655273,0.004,0.022013979567038287,2.9105135363009476,0.39090525003465415,0.599783691051017,2026-06-08 20:08:44
model3,2025-12-15,"GEE,NVL",2,0.09493595649202058,0.03686325449127281,0.3683364987373352,0.004,0.09093595649202058,3.281761879244672,0.5173885493363286,0.6587569243852185,2026-06-08 20:08:44
model3,2025-12-16,HDB,1,0.11111111111111116,0.012684052199985401,0.3673652410507202,0.004,0.10711111111111116,3.757513199160747,0.6799177228430198,0.6797966838012077,2026-06-08 20:08:44
model3,2025-12-17,"GEE,ITD",2,0.10032103030446926,0.014970389774460156,0.43036386370658875,0.004,0.09632103030446926,4.234791824987664,0.8417291287339972,0.7049438948995574,2026-06-08 20:08:44
model3,2025-12-18,FCN,1,-0.08708708708708701,0.0030810882375908936,0.35396620631217957,0.004,-0.09108708708708702,3.7789090534421925,0.6739713871941786,0.7101969774798849,2026-06-08 20:08:44
model3,2025-12-19,VHM,1,0.08374384236453203,-0.001112402285772905,0.36378028988838196,0.004,0.07974384236453202,4.179113259888091,0.8074602976173282,0.7082945504530143,2026-06-08 20:08:44
model3,2025-12-22,"GEE,DCL,STB",3,0.09178281359918772,-0.005226405474827561,0.3984330892562866,0.004,0.08778281359918771,4.654466846829481,0.9661242480110026,0.6993663104619086,2026-06-08 20:08:44
model3,2025-12-23,"STB,VHM",2,0.047028471963197815,-0.0013454327214091767,0.39443516731262207,0.004,0.04302847196319781,4.920387782402434,1.0507235700927078,0.6970799274221526,2026-06-08 20:08:44
model3,2025-12-24,,0,0.0,-0.004006260703889117,0.0,0.0,0.0,4.920387782402434,1.0507235700927078,0.6902809827975622,2026-06-08 20:08:44
model3,2025-12-25,,0,0.0,0.0011946283408759005,0.0,0.0,0.0,4.920387782402434,1.0507235700927078,0.6923002403636558,2026-06-08 20:08:44
model3,2025-12-26,DGC,1,0.034482758620689724,0.007199672546988863,0.4694225490093231,0.004,0.030482758620689724,5.124539085243898,1.113235281677603,0.7044842479454647,2026-06-08 20:08:44
model3,2025-12-29,"GEE,DGC,NVL",3,-0.011648328115590726,0.014246584846251069,0.40785300731658936,0.004,-0.015648328115590728,5.053198444422217,1.0801666826044691,0.728767327402918,2026-06-08 20:08:44
model3,2025-12-30,DGC,1,-0.036809815950920366,0.008379452197786625,0.5561676025390625,0.004,-0.04080981595092037,4.830381323768638,0.9952754631401441,0.7432534505839863,2026-06-08 20:08:44
model3,2025-12-31,"DGC,HDB",2,-0.07263879672638796,0.0058476316392817185,0.4018014073371887,0.004,-0.07663879672638796,4.406869439954079,0.842359952507397,0.7534473546169083,2026-06-08 20:08:44
model3,2026-01-05,DGW,1,0.04796163069544357,0.02176389615251216,0.3670979142189026,0.004,0.043961630695443565,4.666191715251636,0.9233531003476021,0.791609200751688,2026-06-08 20:08:44
model3,2026-01-06,"VRE,PC1,NVL,DPR,HDB",5,-0.027640007975855353,0.02761136378331448,0.3912217617034912,0.004,-0.03164000797585535,4.509578131049356,0.862498192912218,0.841077974151176,2026-06-08 20:08:44
model3,2026-01-07,"DGC,POW,PVT,HDB",4,0.010023325846876707,0.01944690578729487,0.4028753638267517,0.004,0.006023325846876707,4.564802427935689,0.8737166264173473,0.8768812440615574,2026-06-08 20:08:44
model3,2026-01-08,"DGC,GEE,POW",3,0.04807846425222051,0.02901048710893505,0.3783712387084961,0.004,0.044078464252220506,4.832349582537865,0.9563071777536756,0.931330483197407,2026-06-08 20:08:44
model3,2026-01-09,"DGC,DCL,CTR,NVL,CTG",5,0.02489389947565479,0.0357232980724216,0.39919114112854004,0.004,0.02089389947565479,4.97753950675244,0.997182063269163,1.0003239777250221,2026-06-08 20:08:44
model3,2026-01-12,"DGC,VCI,CTR,VNP,VDS",5,0.007254305275848427,0.016782710571952908,0.40078288316726685,0.004,0.0032543052758484273,5.020902403132867,1.00368150339449,1.0338948360933187,2026-06-08 20:08:44
model3,2026-01-13,"PVT,DGC",2,-0.006721224463676012,0.011574408899134778,0.38884252309799194,0.004,-0.010721224463676012,4.980434566607524,0.9821995842428819,1.0574359665841015,2026-06-08 20:08:44
model3,2026-01-14,"CTR,BCM,DGC,CSV,DRI",5,-0.009343597087108435,-0.0031341092490570687,0.3959912657737732,0.004,-0.013343597087108435,4.924555795611328,0.955749911644511,1.0509877374918877,2026-06-08 20:08:44
model3,2026-01-15,"GEE,HDB,MIG,STB,PGV",5,-0.012783343615359733,-0.001673253046089754,0.3841232657432556,0.004,-0.016783343615359735,4.848820163107657,0.9229258888516718,1.0475559160126364,2026-06-08 20:08:44
model3,2026-01-16,"DGW,PVT",2,-0.02092127479949346,-0.014455053881335679,0.3874412775039673,0.004,-0.02492127479949346,4.726455389222464,0.8750041243565392,1.0179583849216258,2026-06-08 20:08:44
model3,2026-01-19,,0,0.0,-0.035178820895809565,0.0,0.0,0.0,4.726455389222464,0.8750041243565392,0.9469689883232708,2026-06-08 20:08:44
model3,2026-01-20,"VNP,POW,PC1",3,-0.0312873401108695,-0.03081107785293433,0.35944893956184387,0.004,-0.035287340110869495,4.547289831830138,0.8088402161110868,0.8869807752467938,2026-06-08 20:08:44
model3,2026-01-21,"DGC,OIL,STB,VRE,PC1",5,-0.017152564706139663,-0.021694341095317433,0.379766583442688,0.004,-0.021152564706139663,4.452139584045961,0.7705786063967293,0.8460439706682834,2026-06-08 20:08:44
model3,2026-01-22,"DGC,VOS,PVT,VRE,PC1",5,-0.04954682422559413,-0.029404692078139866,0.39206168055534363,0.004,-0.05354682422559413,4.182003382421832,0.6757697449824063,0.7917616161480758,2026-06-08 20:08:44
model3,2026-01-23,"MIG,VJC,DGW",3,-0.017934930776838203,-0.0075717935229022825,0.3651430606842041,0.004,-0.021934930776838203,4.089064510472755,0.6390118516282974,0.7781947671483409,2026-06-08 20:08:44
model3,2026-01-26,"HT1,NVL,PVT,CSM",4,0.0379332183330961,0.012589007684032927,0.36006423830986023,0.004,0.033933218333096093,4.282109105659729,0.6946287986401325,0.8005804747356786,2026-06-08 20:08:44
model3,2026-01-27,"GEE,NVL",2,0.032090390335700825,0.02703519886333576,0.3999979496002197,0.004,0.028090390335700825,4.4516140486561095,0.7422315830680535,0.8492595259395972,2026-06-08 20:08:44
model3,2026-01-28,"GEE,VOS,PVT",3,0.07413190610764271,0.029004123192298538,0.38359689712524414,0.004,0.07013190610764271,4.8557525894461895,0.8644176048695518,0.9028956770444809,2026-06-08 20:08:44
model3,2026-01-29,"DGW,VVS,VHC,GEE",4,0.05010894468743038,0.008411288297961115,0.41665321588516235,0.004,0.046108944687430375,5.149178172054025,0.9503839330867532,0.9189014811850458,2026-06-08 20:08:44
model3,2026-01-30,"NVL,VRE,VCG,PVT,DGW",5,-0.01665464385068991,-0.027211805132979962,0.37980884313583374,0.004,-0.02065464385068991,5.046765799624029,0.9100994475767383,0.8666847080096518,2026-06-08 20:08:44
model3,2026-02-02,"DGW,VHC,PGV,GEE,VCG",5,-0.05991356065419804,-0.02690630168563496,0.4112217426300049,0.004,-0.06391356065419804,4.684482530126524,0.7880181906784922,0.8164591261039826,2026-06-08 20:08:44
model3,2026-02-03,"GEE,DGW,DPR,VJC,PC1",5,-0.09244026888394294,-0.03616071904922135,0.4265768527984619,0.004,-0.09644026888394294,4.159007436575552,0.6155812356000772,0.7507746579805423,2026-06-08 20:08:44
model3,2026-02-04,"VOS,VHM,CTI,MIG,VJC",5,-0.012960685243569792,-0.02560183551893988,0.4117438793182373,0.004,-0.016960685243569792,4.09214316502086,0.5881798707776467,0.7059516131561963,2026-06-08 20:08:44
model3,2026-02-05,"VHM,NVL,ITD",3,0.05216139916286877,-0.014550025806237432,0.4146777093410492,0.004,0.04816139916286877,4.357756477245988,0.6646688354766024,0.6811299731605813,2026-06-08 20:08:44
model3,2026-02-06,"GEE,VOS,DPR",3,0.0220420690501771,0.017027019725510732,0.3829450309276581,0.004,0.0180420690501771,4.475852515471477,0.6947029055519489,0.7097546063747338,2026-06-08 20:08:44
model3,2026-02-09,"GEE,DST",2,0.10087916707359024,0.036053020387163986,0.38677603006362915,0.004,0.09687916707359023,5.028251956250063,0.858884311479015,0.7713964240554096,2026-06-08 20:08:44
model3,2026-02-10,"GEE,VHM,DST,BCM",4,0.058373077463687306,0.044901368684972416,0.40254825353622437,0.004,0.0543730774636873,5.380139574662873,0.9599575721430964,0.8509345479791632,2026-06-08 20:08:44
model3,2026-02-11,"VVS,GEE,VOS,DST,BCM",5,0.06831120973140799,0.028686256962468622,0.39578741788864136,0.004,0.06431120973140798,5.815974627263325,1.0860048146298524,0.9040309320432043,2026-06-08 20:08:44
model3,2026-02-12,"PC1,VOS,BCM,NVL",4,0.06480417970506097,0.03222602794317329,0.37167638540267944,0.004,0.06080417970506097,6.257678271873632,1.2128426262442282,0.9653902860638948,2026-06-08 20:08:44
model3,2026-02-13,"GEE,VOS,OIL,PC1",4,0.12933047075494258,0.02394387597685509,0.38587048649787903,0.004,0.12533047075494258,7.196317219362967,1.490179234298021,1.0124493473195244,2026-06-08 20:08:44
model3,2026-02-23,VOS,1,0.11904761904761907,-0.0036298808413137216,0.36309441924095154,0.004,0.11504761904761907,8.17206926928713,1.7766684262058314,1.005144395989575,2026-06-08 20:08:44
model3,2026-02-24,"DGC,VOS",2,0.08194890034763497,-0.014657227992770788,0.40724730491638184,0.004,0.07794890034763496,8.923710259817547,1.9931066766585745,0.975754537419129,2026-06-08 20:08:44
model3,2026-02-25,,0,0.0,-0.021986206425956188,0.0,0.0,0.0,8.923710259817547,1.9931066766585745,0.9323151903124125,2026-06-08 20:08:44
model3,2026-02-26,"GEE,VOS,DPR",3,0.030520311368201287,-0.032687080034753305,0.37729302048683167,0.004,0.026520311368201287,9.226584986874993,2.072484797681802,0.8691534490343011,2026-06-08 20:08:44
model3,2026-02-27,"PC1,VOS",2,-0.012063599750166965,-0.04078308064943876,0.4140602946281433,0.004,-0.016063599750166965,9.103215558782265,2.023129631653369,0.7929236131761586,2026-06-08 20:08:44
model3,2026-03-02,"VOS,CSV,POW,PVT,DPR",5,-0.0814724717850274,-0.09208437396375967,0.4269605278968811,0.004,-0.0854724717850274,8.280081614231328,1.7647352695093965,0.62782336469199,2026-06-08 20:08:44
model3,2026-03-03,"PVT,DGW,DPR,CST,NVL",5,-0.07845380110754188,-0.07068094588085504,0.3945942521095276,0.004,-0.08245380110754189,7.552023937006668,1.5367723374822626,0.5127672695486041,2026-06-08 20:08:44
model3,2026-03-04,"PVT,VCI",2,-0.07184958629427957,-0.04116203850105724,0.43675076961517334,0.004,-0.07584958629427957,6.937564555153963,1.3443592051614601,0.4504986849563051,2026-06-08 20:08:44
model3,2026-03-05,"GEE,DGW",2,-0.0561767404411489,-0.035712778058825036,0.369895875453949,0.004,-0.0601767404411489,6.491658051404215,1.203283309771641,0.39869734734584306,2026-06-08 20:08:44
model3,2026-03-06,"PVT,DPR,VCI",3,-0.08782393911774622,-0.023602350175244705,0.39869120717048645,0.004,-0.09182393911774622,5.833711130806718,1.0009691572760238,0.3656848027646007,2026-06-08 20:08:44
model3,2026-03-09,"POS,CSC,GDA,DRI,ACV",5,0.08110183051715314,0.033310041009487326,0.4469403326511383,0.004,0.07710183051715314,6.387937612740588,1.1552475421103705,0.41117581955072313,2026-06-08 20:08:44
model3,2026-03-10,"DGC,NLG,VCK,VCG,GEE",5,0.09193705469130653,0.027043335269003148,0.41840752959251404,0.004,0.08793705469130653,7.0671628370990796,1.3447736630942342,0.44933872036234357,2026-06-08 20:08:44
model3,2026-03-11,"GEE,ANV,DGW,VCG,HDG",5,0.02222983344035494,-0.004966570615465899,0.4468706548213959,0.004,0.01822983344035494,7.246494523304014,1.3875184964277731,0.44214047726193506,2026-06-08 20:08:44
model3,2026-03-12,"VCG,GEE,NVL,SHS,BCM",5,0.026663514960792844,-0.006194316706973318,0.39907974004745483,0.004,0.022663514960792844,7.466375053400226,1.4416280575907336,0.4332074024098289,2026-06-08 20:08:44
model3,2026-03-13,"NVL,SHS,CTR,DRI,BCM",5,-0.01555906063526522,-0.016709501814781896,0.3876767158508301,0.004,-0.01955906063526522,7.334646210583475,1.3938721063635517,0.409259220718303,2026-06-08 20:08:44
model3,2026-03-16,"VCK,NVL,OIL,GEE,VCG",5,-0.04275068249839842,-0.05073465395432658,0.41417646408081055,0.004,-0.04675068249839842,6.978334396698342,1.2819569515771772,0.33776094182321614,2026-06-08 20:08:44
model3,2026-03-17,"VCK,OIL,ONE,VCG,VOS",5,-0.0901473481623128,-0.037848468413693874,0.40767902135849,0.004,-0.09414734816231281,6.25910870808382,1.0671167559656305,0.2871287390715469,2026-06-08 20:08:44
model3,2026-03-18,"PVT,GEE,VOS",3,-0.07750089740344612,-0.014741012939149322,0.38638612627983093,0.004,-0.08150089740344613,5.696521268858154,0.8986448853167313,0.26815515767454223,2026-06-08 20:08:44
model3,2026-03-19,"NVL,OIL,NLG",3,-0.025080887670815843,-0.009729315495567348,0.395907998085022,0.004,-0.029080887670815844,5.528566571128693,0.8434306066800663,0.2558168760481956,2026-06-08 20:08:44
model3,2026-03-20,"OIL,PVT,VOS,NVL,HDG",5,0.016387336951742125,0.01746986068636427,0.3978743255138397,0.004,0.012387336951742125,5.635552391341659,0.8662658027521668,0.27775582192034287,2026-06-08 20:08:44
model3,2026-03-23,"OIL,VOS,SHS,NVL,DRI",5,0.08292269429886141,0.04672192942044895,0.41716647148132324,0.004,0.07892269429886141,6.185790273792962,1.0135565281831953,0.3374550392486728,2026-06-08 20:08:44
model3,2026-03-24,"OIL,NLG,VOS,DGC,SHS",5,0.024854430445919774,0.029231942822250022,0.42790859937667847,0.004,0.020854430445919774,6.364388998351916,1.0555481027491194,0.3765514484833201,2026-06-08 20:08:44
model3,2026-03-25,"VOS,VCG,DGC,PC1,OIL",5,-0.019118899180996695,0.011861116164676914,0.42646846175193787,0.004,-0.023118899180996695,6.223589987562784,1.0080260933999732,0.392878885120435,2026-06-08 20:08:44
model3,2026-03-26,"DGC,VOS,NVL,FCN,VCK",5,0.01255519074500242,0.010749154131109582,0.3878345489501953,0.004,0.00855519074500242,6.314283537720324,1.0252051396499517,0.4078511549425625,2026-06-08 20:08:44
model3,2026-03-27,"DGC,OIL,VOS,SHS,NVL",5,0.002447473500105102,-0.012122072499328444,0.40477266907691956,0.004,-0.0015525264998948983,6.332185052851148,1.0220609550029218,0.3907850811740856,2026-06-08 20:08:44
model3,2026-03-30,"DGC,GEE,VOS,FCN,NVL",5,0.033419265866021175,-0.015588340874992796,0.41900530457496643,0.004,0.029419265866021175,6.577221294511246,1.0815485038354535,0.3691050492448893,2026-06-08 20:08:44
model3,2026-03-31,"DGC,GEE,VVS,NVL,FCN",5,-0.005340576544586417,-0.017951844068107035,0.42877107858657837,0.004,-0.009340576544586417,6.536754564192639,1.0621056407041092,0.344527088887987,2026-06-08 20:08:44
model3,2026-04-01,"DGC,VVS,VRE,OIL,VJC",5,-0.018315113731820643,0.007318596187055111,0.4394811987876892,0.004,-0.022315113731820643,6.398718047180632,1.016089518804768,0.35436713971411504,2026-06-08 20:08:44
model3,2026-04-02,"DGC,VHM,HDG,ELC,VCG",5,-0.004335232848123561,0.008000650350256325,0.41206663846969604,0.004,-0.00833523284812356,6.366642881668491,0.999284943222869,0.36520295764484434,2026-06-08 20:08:44
model3,2026-04-03,"DGC,OIL,SHS,NVL,NLG",5,0.04710348177545851,0.026877926489866914,0.3972908556461334,0.004,0.043103481775458516,6.713637410391474,1.0854610853370246,0.40189678238417126,2026-06-08 20:08:44
model3,2026-04-06,"NVL,SHS,PC1",3,0.10970499712367388,0.04413756601271868,0.36606159806251526,0.004,0.10570499712367387,7.559861980311533,1.3059047433641084,0.4637730941596707,2026-06-08 20:08:44
model3,2026-04-07,"DGC,NVL,PVT,SHS",4,0.07396188705051854,0.041420565448354284,0.38871705532073975,0.004,0.06996188705051853,8.192965525267363,1.467230190568603,0.5244034034078515,2026-06-08 20:08:44
model3,2026-04-08,"NVL,VRE,VCI,VDS,DGC",5,0.017065554274054318,0.00280310337947653,0.4276905059814453,0.004,0.013065554274054317,8.349848577378323,1.4994659205300622,0.5286764637396295,2026-06-08 20:08:44
model3,2026-04-09,"NVL,FCN",2,0.005384913625985477,-0.0006920049140633261,0.3804950416088104,0.004,0.0013849136259854768,8.400196704383546,1.502927464941091,0.5276186121147088,2026-06-08 20:08:44
model3,2026-04-10,"VVS,OIL,SHS",3,0.0572650571121068,-0.0007047359153897547,0.4004288911819458,0.004,0.0532650571121068,8.938499505525108,1.6362460393086389,0.5265420444137336,2026-06-08 20:08:44
model3,2026-04-13,"VVS,NVL,DGC,SHS,VCI",5,0.028261736964611938,0.003909322922715977,0.377414733171463,0.004,0.024261736964611938,9.219378764373184,1.700205947288345,0.5325097902204501,2026-06-08 20:08:44
model3,2026-04-14,"VVS,SHS,DGC,VCG,NVL",5,0.017159316038571525,-0.00444318198798622,0.39091283082962036,0.004,0.013159316038571525,9.394736314308929,1.7357388107179426,0.52570057032413,2026-06-08 20:08:44
model3,2026-04-15,"SHS,VJC,NVL,OIL,PVT",5,0.011372032956732392,-0.005272955223656787,0.3869851529598236,0.004,0.007372032956732392,9.512945598251793,1.7559067673915671,0.5176556195321032,2026-06-08 20:08:44
model3,2026-04-16,"DGC,SHS,TMT",3,-0.022626667366670666,-0.006301525403532452,0.3833104372024536,0.004,-0.026626667366670666,9.275072675156245,1.6825261546026753,0.5080920740918078,2026-06-08 20:08:44
model3,2026-04-17,"TMT,DCL,NVL,DGC,VBB",5,0.02333520805088305,-0.008073849432800352,0.3943818211555481,0.004,0.01933520805088305,9.51484363376896,1.7343933559038534,0.4959159657547909,2026-06-08 20:08:44
model3,2026-04-20,"GEE,DCL,VRE",3,-0.006174707216212568,-0.019277578056317444,0.3963727056980133,0.004,-0.010174707216212567,9.449917552906179,1.7065717040935744,0.4670783289592615,2026-06-08 20:08:44
model3,2026-04-21,"DCL,VBB,NVL,VRE",4,0.06869861744647668,-0.010072568324410943,0.3694036304950714,0.004,0.06469861744647668,10.167812441220503,1.881683151368183,0.4523010822535567,2026-06-08 20:08:44
model3,2026-04-22,"DCL,NVL",2,0.02719047619047632,-0.012195508007026347,0.3751763105392456,0.004,0.02319047619047632,10.471470579503215,1.948510755878484,0.4345895327763203,2026-06-08 20:08:44
model3,2026-04-23,"PVT,NVL",2,-0.03750875350140054,-0.010614515388875475,0.38717347383499146,0.004,-0.04150875350140054,10.041190017238062,1.826121749716496,0.4193620601039463,2026-06-08 20:08:44
model3,2026-04-24,,0,0.0,-0.0010654218701806068,0.0,0.0,0.0,10.041190017238062,1.826121749716496,0.4178498407234068,2026-06-08 20:08:44
model3,2026-04-28,VRE,1,0.18506493506493493,0.00827014481949352,0.4382789731025696,0.004,0.18106493506493493,12.08452713081783,2.3378333008145136,0.42957566423848514,2026-06-08 20:08:44
model3,2026-04-29,"PC1,VRE,DCL",3,0.01957801052826454,0.0008371985910938473,0.38673678040504456,0.004,0.01557801052826454,12.340696140742345,2.389830103116194,0.43077250297044745,2026-06-08 20:08:44
model3,2026-05-04,"NAB,VRE,DCL,PVT",4,0.01670276311847274,-0.007511641968781026,0.37975355982780457,0.004,0.012702763118472741,12.56352262821669,2.4328903119279475,0.4200250521893567,2026-06-08 20:08:44
model3,2026-05-05,"GEE,PVT,NAB",3,0.05615439872964334,-0.00233982093071865,0.40227675437927246,0.004,0.052154398729643336,13.32517408606011,2.6119306420513673,0.41670244785009936,2026-06-08 20:08:44
model3,2026-05-06,"PC1,GEE,VRE,NAB",4,-0.009732444754668584,-0.010995108852818966,0.39653778076171875,0.004,-0.013732444754668584,13.18575512066652,2.5623300040517023,0.40112565022393243,2026-06-08 20:08:44
model3,2026-05-07,"GEE,STB,NAB",3,0.01409337791013221,-0.004648691527862635,0.4017268121242523,0.004,0.01009337791013221,13.385680328522668,2.598285947023199,0.3946122492842654,2026-06-08 20:08:44
model3,2026-05-08,VRE,1,-0.05292479108635095,-0.00487630550936781,0.3588154911994934,0.004,-0.056924791086350957,12.624321202500576,2.393454271219951,0.38781169388964876,2026-06-08 20:08:44
model3,2026-05-11,"PC1,VRE,PVT",3,0.015345729867968894,0.0050416686804910845,0.3840850591659546,0.004,0.011345729867968894,12.833396355308592,2.431955486700518,0.39480858064115143,2026-06-08 20:08:44
model3,2026-05-12,"PC1,PVT",2,0.04173593115924312,-0.003359268772476364,0.3894003927707672,0.004,0.03773593115924312,13.410746033292275,2.5614635226882356,0.3901230437326215,2026-06-08 20:08:44
model3,2026-05-13,"PC1,NVL",2,-0.0005361178469506234,-0.012445214995538861,0.39172813296318054,0.004,-0.0045361178469506235,13.403020175155953,2.545308304441706,0.3728226635831162,2026-06-08 20:08:44
model3,2026-05-14,PC1,1,0.12465373961218829,-0.017246936814634236,0.38390621542930603,0.004,0.12065373961218828,15.198410501698937,2.9730630094507444,0.34914567784660044,2026-06-08 20:08:44
model3,2026-05-15,PVT,1,-0.0852390852390853,-0.01681021879368377,0.3557531535625458,0.004,-0.0892390852390853,13.817672808206927,2.6185105008901126,0.3264662438174464,2026-06-08 20:08:44
model3,2026-05-18,PVT,1,-0.11857707509881421,-0.012080002836964443,0.3622076213359833,0.004,-0.12257707509881421,12.060636506838517,2.1749640674766573,0.3104425278289942,2026-06-08 20:08:44
model3,2026-05-19,"PC1,CTR,VRE",3,-0.02125965009637913,-0.005781948619147461,0.4055788815021515,0.004,-0.02525965009637913,11.782971944667135,2.0947655860636205,0.3028656164647412,2026-06-08 20:08:44
model3,2026-05-20,,0,0.0,-0.00561456709184927,0.0,0.0,0.0,11.782971944667135,2.0947655860636205,0.2955505900494364,2026-06-08 20:08:44
model3,2026-05-21,PC1,1,-0.0640394088669951,-0.013787864464526154,0.45791563391685486,0.004,-0.06803940886699511,10.96435797776727,1.884199565005932,0.27768771410689785,2026-06-08 20:08:44
model3,2026-05-25,"NVL,PVT",2,-0.052162756598240434,-0.023342863553313185,0.39458703994750977,0.004,-0.05616275659824044,10.340264084718779,1.722214966855753,0.24786282413275584,2026-06-08 20:08:44
model3,2026-05-26,NVL,1,-0.12540192926045024,-0.019938689643273895,0.3955392837524414,0.004,-0.12940192926045024,8.91817309017205,1.3699550982829458,0.22298207456499353,2026-06-08 20:08:44
model3,2026-05-27,"SSB,PC1",2,-0.04234522091664944,-0.01697425044655805,0.39683741331100464,0.004,-0.04634522091664944,8.498185859579147,1.2601190056904827,0.20222287053967625,2026-06-08 20:08:44
