date,open,high,low,close,volume
2022-01-04 07:00:00,64.39,65.21,64.39,64.91,588916.0
2022-01-05 07:00:00,64.76,65.21,64.39,64.91,535304.0
2022-01-06 07:00:00,64.62,66.62,64.62,66.1,917285.0
2022-01-07 07:00:00,66.62,66.62,64.69,65.58,368231.0
2022-01-10 07:00:00,65.13,65.58,63.73,64.24,426735.0_err
2022-01-11 07:00:00,64.39,65.13,63.5,63.95,462125.0
2022-01-12 07:00:00,63.73,64.76,61.58,63.36,606680.0
2022-01-13 07:00:00,63.36,63.58,61.28,62.24,269559.0
2022-01-14 07:00:00,62.39,62.39,61.06,62.17,228500.0
2022-01-17 07:00:00,63.73,63.73,60.39,61.8,444123.0
2022-01-18 07:00:00,62.17,62.91,59.65,61.13,446539.0
2022-01-19 07:00:00,60.69,62.1,60.61,61.35,205870.0
2022-01-20 07:00:00,61.13,62.84,61.13,62.39,327765.0
2022-01-21 07:00:00,62.39,63.58,62.02,62.84,347056.0
2022-01-24 07:00:00,62.24,63.5,60.69,61.65,357961.0
2022-01-25 07:00:00,61.95,62.69,60.84,62.02,203290.0
2022-01-26 07:00:00,61.73,62.24,61.5,61.73,114391.0
2022-01-27 07:00:00,61.8,62.47,60.24,61.43,395037.0
2022-01-28 07:00:00,61.13,64.39,61.13,62.61,341482.0
2022-02-07 07:00:00,62.61,63.5,62.61,63.21,257514.0
2022-02-08 07:00:00,63.13,65.13,62.84,65.06,850509.0
2022-02-09 07:00:00,64.17,66.69,64.17,66.69,1054860.0
2022-02-10 07:00:00,65.8,67.13,65.8,67.06,536849.0
2022-02-11 07:00:00,66.84,67.13,65.21,65.87,307333.0
2022-02-14 07:00:00,65.65,65.65,63.87,64.47,729829.0
2022-02-23 07:00:00,66.69,67.8,65.21,67.73,1029000.0
2022-02-24 07:00:00,67.88,67.88,63.95,65.0382286735439,629200.0
2022-02-25 07:00:00,66.25,66.76,65.21,66.39,327700.0
2022-02-28 07:00:00,66.02,66.02,64.32,65.13,366200.0_err
2022-03-01 07:00:00,64.32,65.13,63.28,63.95,440800.0
2022-03-02 07:00:00,63.43,63.43,61.13,63.43,851100.0
2022-03-03 07:00:00,63.5,65.21,62.98,65.06,297500.0
2022-03-04 07:00:00,65.06,65.06,63.58,64.99,425000.0
2022-03-07 07:00:00,63.58,64.39,62.1,63.73,702400.0
2022-03-08 07:00:00,62.39,64.17,62.24,63.28,410300.0
2022-03-09 07:00:00,63.36,64.24,61.43,64.24,731400.0
2022-03-10 07:00:00,64.24,68.17,64.24,68.02,2089200.0
2022-03-11 07:00:00,68.1,70.32,68.02,68.76,1125300.0
2022-03-14 07:00:00,67.06,68.76,65.95,68.17,649000.0
2022-03-15 07:00:00,67.13,70.25,66.32,70.1,1341000.0
2022-03-16 07:00:00,70.1,72.62,70.1,72.03,1137200.0
2022-03-17 07:00:00,72.32,73.51,71.36,72.4,733800.0_err
2022-03-18 07:00:00,72.62,73.66,70.99,72.32,1281500.0
2022-03-21 07:00:00,71.36,72.54,70.32,72.1,820300.0
2022-03-22 07:00:00,71.21,72.62,70.62,71.8,704900.0
2022-03-23 07:00:00,71.73,73.06,70.77,72.47,1017400.0
2022-03-24 07:00:00,72.03,72.54,71.14,71.8,730300.0
2022-03-25 07:00:00,72,76,71,76,"1,910,800"
2022-03-28 07:00:00,75.66,76.69,75.06,75.58,994000.0
2022-03-29 07:00:00,75.95,80.69,75.95,80.69,1436700.0
2022-03-30 07:00:00,79.29,81.07,77.8,79.81,809000.0
2022-03-31 07:00:00,80.69,84.4,79.81,80.77,1036900.0
2022-04-01 07:00:00,80.18,82.99,79.66,82.18,508700.0
2022-04-04 07:00:00,82.77,82.77,80.55,81.14,678600.0
2022-04-05 07:00:00,80.03,82.84,79.66,82.4,677800.0
2022-04-06 07:00:00,82.25,85.21,81.73,82.25,684400.0
2022-04-07 07:00:00,82.25,82.25,76.55,81.14,1572100.0
2022-04-08 07:00:00,80.03,81.14,78.55,79.81,787200.0
2022-04-12 07:00:00,79.81,80.47,76.32,77.58,903200.0
2022-04-13 07:00:00,77.36,81.14,75.21,81.14,1043400.0
2022-04-14 07:00:00,81.14,86.47,81.14,86.18,1620400.0
2022-04-15 07:00:00,86,89,85,87,"663,900"
2022-04-18 07:00:00,86.7,87.07,84.4,86.7,1192900.0
2022-04-19 07:00:00,86.99,90.77,85.29,88.92,1000700.0
2022-04-20 07:00:00,88.92,89.29,85.96,88.18,569200.0
2022-04-21 07:00:00,87.44,87.44,83.96,86.55,794200.0
2022-04-22 07:00:00,86.7,86.7,80.55,80.55,1419600.0
2022-04-25 07:00:00,75.66,76.69,74.91,74.91,516800.0
2022-04-26 07:00:00,69.73,71.14,69.73,69.73,795600.0
2022-04-27 07:00:00,69.65,72.62,69.06,72.62,1103400.0
2022-04-28 07:00:00,72.62,73.95,71.58,72.62,610000.0
2022-04-29 07:00:00,71.88,74.03,71.65,73.73,811800.0
2022-05-04 07:00:00,72.47,72.99,70.25,70.39,805200.0
2022-05-05 07:00:00,70.1,71.88,65.5,65.5,2363000.0
2022-05-06 07:00:00,61.5,65.13,61.5,61.5,1116900.0
2022-05-09 07:00:00,60.1,61.13,57.21,57.21,1612600.0
2022-05-10 07:00:00,54,60,53,60,"1,017,600"
2022-05-11 07:00:00,60.39,61.5,86.65406757298092,59.28,760900.0
2022-05-12 07:00:00,58.61,59.5,55.13,55.13,771000.0
2022-05-13 07:00:00,54.98,55.87,51.28,51.28,1439300.0
2022-05-16 07:00:00,52.69,53.65,49.13,51.28,667200.0
2022-05-17 07:00:00,51.87,54.83,50.98,54.83,644000.0
2022-05-18 07:00:00,56.02,57.43,54.83,56.24,612200.0
2022-05-19 07:00:00,54.17,57.43,54.17,56.98,588200.0
2022-05-20 07:00:00,57.13,59.06,57.06,58.39,622400.0
2022-05-23 07:00:00,59.21,59.21,55.57,57.43,589200.0
2022-05-24 07:00:00,55.95,57.8,55.5,57.8,540300.0
2022-05-25 07:00:00,57.8,61.35,57.8,61.35,809700.0
2022-05-26 07:00:00,61.35,61.5,59.95,60.69,438100.0
2022-05-27 07:00:00,60.69,61.58,60.02,61.06,613900.0
2022-05-30 07:00:00,61.06,61.13,59.87,60.69,472500.0
2022-05-31 07:00:00,60.54,61.06,59.43,60.54,613800.0
2022-06-01 07:00:00,60.39,60.39,58.98,59.58,439600.0
2022-06-02 07:00:00,59.58,62.17,59.58,61.87,821900.0
2022-06-03 07:00:00,61.8,61.87,60.47,61.43,424700.0
2022-06-06 07:00:00,61.43,64.99,60.76,64.39,1453900.0
2022-06-07 07:00:00,64.47,66.62,62.61,66.54,923600.0
2022-06-08 07:00:00,66.69,67.65,66.32,66.99,533700.0
2022-06-09 07:00:00,66.69,66.84,65.43,66.02,465700.0
2022-06-10 07:00:00,65.58,65.8,63.13,63.13,713200.0
2022-06-13 07:00:00,59.35,62.39,58.76,58.76,997300.0
2022-06-14 07:00:00,55.72,61.5,55.72,61.5,913800.0
2022-06-15 07:00:00,61.43,61.73,59.72,62.830734848794314,644800.0
2022-06-16 07:00:00,61.8,62.1,60.76,60.76,566800.0
2022-06-17 07:00:00,60.95,63.26,58.92,63.16,732100.0
2022-06-20 07:00:00,62.79,64.55,60.95,62.61,544100.0
2022-06-21 07:00:00,62.61,62.61,58.27,59.1,394200.0
2022-06-22 07:00:00,60.02,60.02,56.14,56.79,870500.0
2022-06-23 07:00:00,56.79,59.1,56.14,59.1,552300.0
2022-06-24 07:00:00,59.38,59.38,57.25,58.27,648800.0
2022-06-27 07:00:00,58.08,58.27,56.79,58.27,387100.0
2022-06-28 07:00:00,57.81,59.65,57.53,59.1,514100.0
2022-06-29 07:00:00,58.64,59.01,57.81,57.81,178600.0
2022-06-30 07:00:00,58.18,58.73,57.25,57.25,269800.0
2022-07-01 07:00:00,56.33,58.92,55.68,58.82,519900.0
2022-07-04 07:00:00,57.99,59.28,57.53,58.08,134900.0
2022-07-05 07:00:00,57.99,57.99,55.41,55.41,264300.0
2022-07-06 07:00:00,54.94,55.87,52.64,52.82,328100.0
2022-07-07 07:00:00,52.64,53.93,52.17,53.56,286600.0
2022-07-08 07:00:00,53.74,56.05,53.74,55.87,270300.0
2022-07-11 07:00:00,55.87,56.14,53.74,54.67,156100.0
2022-07-12 07:00:00,55.41,56.7,54.76,56.7,220600.0
2022-07-13 07:00:00,56.7,58.08,56.24,57.44,261100.0
2022-07-14 07:00:00,57.25,58.92,56.42,57.99,258200.0
2022-07-15 07:00:00,58.27,59.38,58.18,58.18,287700.0
2022-07-18 07:00:00,58.45,58.92,57.71,57.99,155400.0
2022-07-19 07:00:00,57.99,58.18,56.98,57.53,136400.0
2022-07-20 07:00:00,58.27,60.95,58.27,60.85,659600.0
2022-07-21 07:00:00,61.5,61.5,60.58,60.85,251300.0
2022-07-22 07:00:00,60.76,62.33,59.75,60.85,242200.0
2022-07-25 07:00:00,60.48,60.48,59.1,59.39213152538262,262200.0
2022-07-26 07:00:00,60.58,60.58,59.93,60.12,186200.0
2022-07-27 07:00:00,59.56,60.76,59.38,60.39,145400.0
2022-07-28 07:00:00,61.69,62.24,60.95,61.87,479000.0
2022-07-29 07:00:00,61.87,63.44,61.59,62.33,260200.0
2022-08-01 07:00:00,62.79,63.35,62.05,62.79,316400.0
2022-08-02 07:00:00,62.79,63.07,62.05,62.24,299800.0
2022-08-03 07:00:00,61.96,64.82,61.78,64.82,537000.0
2022-08-04 07:00:00,65.38,65.38,63.99,64.36,262200.0
2022-08-05 07:00:00,63.81,64.27,63.72,64.27,177800.0
2022-08-08 07:00:00,64,65,64,64,"235,200"
2022-08-09 07:00:00,64.55,64.82,63.99,64.36,235600.0
2022-08-10 07:00:00,64.27,64.36,62.79,62.98,715100.0
2022-08-11 07:00:00,63.72,63.9,62.98,63.72,523400.0
2022-08-12 07:00:00,63.72,63.9,62.79,63.44,162500.0
2022-08-15 07:00:00,63.72,66.03,63.72,65.84,583100.0
2022-08-16 07:00:00,65.56,65.75,65.01,65.66,527700.0
2022-08-17 07:00:00,66.49,68.43,66.21,67.69,827400.0
2022-08-18 07:00:00,67.41,68.7,66.86,68.24,563900.0
2022-08-19 07:00:00,68.24,69.44,67.41,68.33,482200.0
2022-08-22 07:00:00,68.24,69.07,67.69,68.43,478000.0
2022-08-23 07:00:00,67.6,69.07,67.6,68.33,302700.0
2022-08-24 07:00:00,68.7,70.37,68.33,70.37,495900.0
2022-08-25 07:00:00,71.1,71.57,69.81,70.09,391100.0
2022-08-26 07:00:00,70.0,70.73,69.26,69.35,285800.0
2022-08-29 07:00:00,67.6,68.7,66.03,67.41,764900.0
2022-08-30 07:00:00,68,68,66,66,"361,100"
2022-08-31 07:00:00,66.76,68.33,96.2776006058827,67.69,299800.0
2022-09-05 07:00:00,67.69,68.89,67.69,68.06,231600.0
2022-09-06 07:00:00,68.06,69.44,68.06,68.52,314500.0
2022-09-07 07:00:00,68.52,68.52,66.3,66.39,418700.0
2022-09-08 07:00:00,67.32,67.32,65.84,66.12,259000.0
2022-09-09 07:00:00,65.75,66.49,64.46,66.49,419200.0
2022-09-12 07:00:00,67.41,67.69,66.67,66.86,208600.0
2022-09-13 07:00:00,66.86,67.6,65.75,66.86,222700.0
2022-09-14 07:00:00,65.84,67.5,65.84,67.41,326200.0
2022-09-15 07:00:00,69.17,69.17,67.69,67.78,225300.0
2022-09-16 07:00:00,67.78,68.24,66.95,66.95,244500.0
2022-09-19 07:00:00,66.95,66.95,63.26,63.72,528700.0
2022-09-20 07:00:00,65.1,65.1,63.62,64.82,206700.0
2022-09-21 07:00:00,64.09,65.56,63.99,65.56,284800.0
2022-09-22 07:00:00,63.99,65.84,63.99,65.19,165700.0
2022-09-23 07:00:00,65.19,66.76,94.06545611662123,65.29,194000.0
2022-09-26 07:00:00,65.29,65.29,61.87,63.07,399800.0
2022-09-27 07:00:00,63.26,63.35,61.87,61.87,262900.0
2022-09-28 07:00:00,61.78,61.78,57.62,57.62,482000.0
2022-09-29 07:00:00,59.19,60.02,57.44,57.44,214500.0
2022-09-30 07:00:00,57.25,57.62,53.56,55.41,908800.0
2022-10-03 07:00:00,55.41,55.68,51.53,51.53,669800.0
2022-10-04 07:00:00,54.02,54.02,51.34,51.99,284700.0
2022-10-05 07:00:00,52.91,55.13,52.91,54.11,200200.0
2022-10-06 07:00:00,53.47,54.11,51.9,53.01,286300.0
2022-10-07 07:00:00,51.44,53.01,49.87,50.42,458500.0
2022-10-10 07:00:00,50.33,53.19,49.87,52.73,342200.0
2022-10-11 07:00:00,53,54,76,53,"585,200"
2022-10-12 07:00:00,53.1,56.24,52.73,56.05,503100.0
2022-10-13 07:00:00,56.79,56.79,54.57,55.22,271500.0
2022-10-14 07:00:00,56.14,56.61,55.04,55.22,355100.0
2022-10-17 07:00:00,55.22,55.78,54.02,55.41,235100.0
2022-10-18 07:00:00,57,57,55,55,"359,100"
2022-10-19 07:00:00,55.41,56.24,55.04,56.05,346000.0
2022-10-20 07:00:00,55.68,56.05,55.04,55.41,308100.0
2022-10-21 07:00:00,54.94,55.41,51.53,51.53,505300.0_err
2022-10-24 07:00:00,51.53,51.8,47.93,47.93,525300.0
2022-10-25 07:00:00,47.93,49.87,44.79,47.93,434500.0
2022-10-26 07:00:00,48.02,48.85,46.17,47.56,253000.0
2022-10-27 07:00:00,47.56,49.68,47.19,49.5,298300.0
2022-10-28 07:00:00,49.87,51.44,49.87,50.42,383600.0
2022-10-31 07:00:00,50.79,51.16,49.5,51.07,265500.0
2022-11-01 07:00:00,51.16,51.71,50.51,50.51,248000.0
2022-11-02 07:00:00,50.6,50.6,49.22,49.5,198000.0
2022-11-03 07:00:00,49.59,49.59,48.3,48.3,176000.0
2022-11-04 07:00:00,48.48,48.48,45.43,45.89,384900.0
2022-11-07 07:00:00,46.03,46.17,42.71,42.71,475700.0
2022-11-08 07:00:00,41.55,42.75,40.68,41.92,332800.0
2022-11-09 07:00:00,42.66,43.03,41.55,42.29,289400.0
2022-11-10 07:00:00,41.55,41.92,39.34,39.34,408800.0
2022-11-11 07:00:00,41.83,41.83,38.88,40.17,869000.0
2022-11-14 07:00:00,37.95,38.97,37.4,37.4,299900.0
2022-11-15 07:00:00,34.81,34.81,34.81,34.81,107700.0
2022-11-16 07:00:00,32.41,36.66,32.41,36.38,788500.0
2022-11-17 07:00:00,36.48,37.4,36.48,36.89,286600.0
2022-11-18 07:00:00,37.31,37.49,34.44,37.49,361600.0
2022-11-21 07:00:00,37.86,39.48,37.86,38.88,327500.0
2022-11-22 07:00:00,38.78,40.17,38.0,40.521289823724985,341900.0
2022-11-23 07:00:00,38.88,40.77,38.88,40.72,438700.0
2022-11-24 07:00:00,40.54,40.68,39.25,40.26,351600.0
2022-11-25 07:00:00,40.31,41.55,40.31,41.55,225000.0
2022-11-28 07:00:00,42.2,44.46,42.2,44.46,339600.0
2022-11-29 07:00:00,45.34,46.08,44.32,45.8,348400.0
2022-11-30 07:00:00,46.17,48.76,45.34,48.48,621600.0
2022-12-01 07:00:00,49.03,49.68,45.43,45.62,701600.0
2022-12-02 07:00:00,45.34,48.2,44.32,47.93,331700.0
2022-12-05 07:00:00,48.11,49.5,47.83,48.02,375600.0
2022-12-06 07:00:00,47.56,49.03,45.8,46.45,562000.0
2022-12-07 07:00:00,45.94,47.1,44.23,44.23,489900.0
2022-12-08 07:00:00,45.06,47.28,45.02,46.54,514900.0_err
2022-12-09 07:00:00,46.63,47.74,46.45,47.28,233300.0
2022-12-12 07:00:00,47.28,49.31,47.28,48.48,363400.0
2022-12-13 07:00:00,48.57,48.94,47.28,48.94,272700.0
2022-12-14 07:00:00,49.87,50.51,48.94,50.14,337500.0
2022-12-15 07:00:00,49.87,51.53,49.87,51.07,289200.0
2022-12-16 07:00:00,50.7,52.64,50.05,52.54,364900.0
2022-12-19 07:00:00,52.54,52.82,50.7,50.7,212300.0
2022-12-20 07:00:00,49.31,50.6,48.3,48.94,324000.0
2022-12-21 07:00:00,49.03,49.77,45.8,47.65,222900.0
2022-12-22 07:00:00,48.76,49.03,47.56,48.02,252200.0
2022-12-23 07:00:00,47.56,48.76,47.37,48.48,132200.0
2022-12-26 07:00:00,47.74,48.02,46.17,46.17,273900.0
2022-12-27 07:00:00,45.76,47.1,45.43,47.1,192500.0
2022-12-28 07:00:00,46.63,47.19,46.45,47.1,114400.0
2022-12-29 07:00:00,47.1,47.1,46.73,46.73,156700.0
2022-12-30 07:00:00,46.63,47.1,46.17,46.54,60600.0
2023-01-03 07:00:00,46.54,48.94,46.54,48.94,169400.0
2023-01-04 07:00:00,48.94,49.5,48.76,48.85,100100.0
2023-01-05 07:00:00,48.85,49.4,48.3,49.13,143900.0
2023-01-06 07:00:00,48.94,49.13,48.48,48.48,139700.0
2023-01-09 07:00:00,48.57,48.85,48.39,48.76,80500.0
2023-01-10 07:00:00,48.39,49.31,48.11,48.48,94400.0
2023-01-11 07:00:00,48.94,49.77,48.48,49.5,143000.0
2023-01-12 07:00:00,49.5,50.05,49.4,49.59,59200.0
2023-01-13 07:00:00,49.77,50.51,49.5,49.59,251700.0
2023-01-16 07:00:00,50.42,50.42,48.76,49.59,166900.0
2023-01-17 07:00:00,49.77,52.27,49.59,51.9,235000.0
2023-01-18 07:00:00,52.36,55.5,51.25,55.22,383700.0
2023-01-19 07:00:00,55.22,56.24,53.93,54.3,186800.0
2023-01-27 07:00:00,55.22,57.99,54.39,56.05,322500.0
2023-01-30 07:00:00,56.05,57.16,55.96,56.24,199700.0
2023-01-31 07:00:00,56.24,57.25,55.04,57.25,197600.0
2023-02-01 07:00:00,57.25,59.1,55.59,56.33,344500.0
2023-02-02 07:00:00,56.24,56.98,55.22,56.51,207200.0_err
2023-02-03 07:00:00,56.33,57.07,56.33,57.07,159300.0
2023-02-06 07:00:00,56.7,56.7,55.59,55.59,110700.0
2023-02-07 07:00:00,55.78,56.24,55.41,56.24,148600.0
2023-02-08 07:00:00,56.33,56.61,55.41,56.61,85800.0
2023-02-09 07:00:00,56.61,56.61,56.05,56.14,115300.0
2023-02-10 07:00:00,57.07,57.07,55.59,56.24,124200.0
2023-02-13 07:00:00,55.59,55.68,78.45363386119638,53.19,196700.0
2023-02-14 07:00:00,53.19,54.02,52.27,52.64,98500.0
2023-02-15 07:00:00,52.08,53.47,51.53,52.64,142600.0
2023-02-16 07:00:00,53.93,54.3,53.01,54.02,139100.0
2023-02-17 07:00:00,54.48,54.48,53.37,53.37,107200.0
2023-02-20 07:00:00,54.21,55.87,53.74,55.59,209600.0
2023-02-21 07:00:00,55.87,56.33,54.94,54.94,106600.0
2023-02-22 07:00:00,54.94,54.94,52.64,52.64,147000.0
2023-02-23 07:00:00,53.1,53.56,52.27,53.56,167200.0
2023-02-24 07:00:00,53.56,53.56,52.45,52.45,109100.0
2023-02-27 07:00:00,52.36,52.82,50.79,51.16,407200.0
2023-02-28 07:00:00,52.27,52.64,50.6,50.7,76800.0
2023-03-01 07:00:00,50.14,52.64,50.14,52.54745463350876,232600.0
2023-03-02 07:00:00,53.56,53.56,51.9,51.9,67700.0
2023-03-03 07:00:00,52.17,52.64,51.62,51.62,75300.0_err
2023-03-06 07:00:00,52.91,52.91,51.62,51.9,139900.0
2023-03-07 07:00:00,52.08,52.27,51.71,51.99,31900.0
2023-03-08 07:00:00,51.25,53.1,51.25,53.1,97400.0
2023-03-09 07:00:00,52.73,53.37,52.73,53.1,117200.0
2023-03-10 07:00:00,51.9,53.01,51.9,52.64,83900.0
2023-03-13 07:00:00,52.17,52.54,51.71,51.99,74600.0
2023-03-14 07:00:00,51.99,52.17,51.07,51.16,86900.0
2023-03-15 07:00:00,53.47,53.47,51.9,52.27,58800.0
2023-03-16 07:00:00,51.53,52.27,51.53,52.27,85900.0
2023-03-17 07:00:00,52.64,52.64,51.8,51.9,22200.0
2023-03-20 07:00:00,51.71,52.08,51.16,51.25,60100.0
2023-03-21 07:00:00,51.53,51.53,50.97,51.53,38600.0
2023-03-22 07:00:00,51.71,52.64,51.53,51.53,41500.0
2023-03-23 07:00:00,52,52,51,52,"25,700"
2023-03-24 07:00:00,51.62,52.08,51.53,51.62,53000.0
2023-03-27 07:00:00,51.53,52.17,51.53,51.8,52000.0
2023-03-28 07:00:00,51.8,52.45,51.8,52.45,96400.0
2023-03-29 07:00:00,52,53,52,52,"99,600"
2023-03-30 07:00:00,52.54,55.13,77.67867878534045,54.94,538700.0
2023-03-31 07:00:00,55.41,57.16,55.04,56.33,649500.0
2023-04-03 07:00:00,57.25,57.71,56.42,57.71,279800.0
2023-04-04 07:00:00,57.71,57.71,56.88,57.62,176700.0
2023-04-05 07:00:00,57.25,59.28,56.98,59.28,215400.0
2023-04-06 07:00:00,59.19,61.41,59.19,60.58,296900.0
2023-04-07 07:00:00,60.58,60.58,58.92,59.1,181200.0
2023-04-10 07:00:00,59.28,60.85,57.99,58.73,183900.0
2023-04-11 07:00:00,59.65,61.32,58.92,61.32,320900.0
2023-04-12 07:00:00,61.32,62.24,60.02,60.21,143900.0
2023-04-13 07:00:00,60.21,60.76,59.93,60.39,65100.0
2023-04-14 07:00:00,60.85,61.04,59.1,59.1,173000.0
2023-04-17 07:00:00,58.64,59.84,58.36,59.47,76200.0
2023-04-18 07:00:00,59.19,60.39,59.19,59.75,137600.0
2023-04-19 07:00:00,60.48,60.48,58.92,59.19,89600.0
2023-04-20 07:00:00,59.93,59.93,58.08,58.82,121000.0
2023-04-21 07:00:00,58.55,59.01,58.18,58.45,59000.0
2023-04-24 07:00:00,58.18,58.73,57.25,57.71,95300.0
2023-04-25 07:00:00,57.81,60.21,57.71,60.21,192700.0
2023-04-26 07:00:00,60.12,63.26,59.28,61.32,573400.0
2023-04-27 07:00:00,62.61,62.61,60.95,60.95,147900.0
2023-04-28 07:00:00,60.95,62.05,60.58,61.41,208800.0
2023-05-04 07:00:00,61.04,61.41,57.25,58.27,286200.0
2023-05-05 07:00:00,58,60,58,59,"179,900"
2023-05-08 07:00:00,59.19,60.95,59.19,60.58,92200.0
2023-05-09 07:00:00,60.58,61.13,59.93,60.76,295500.0
2023-05-10 07:00:00,60.76,61.13,59.93,60.12,279900.0
2023-05-11 07:00:00,60.39,61.41,60.02,61.41,186800.0
2023-05-12 07:00:00,61.41,62.33,60.95,62.05,251000.0
2023-05-15 07:00:00,62.05,62.79,60.48,62.05,177800.0
2023-05-16 07:00:00,62.05,62.05,61.13,61.5,103500.0
2023-05-17 07:00:00,61.32,62.05,60.95,60.95,84000.0
2023-05-18 07:00:00,61,61,61,61,"210,400"
2023-05-19 07:00:00,61.78,61.78,60.95,61.59,139500.0
2023-05-22 07:00:00,62.15,64.27,62.15,63.72,569000.0
2023-05-23 07:00:00,64.92,65.66,63.99,65.47,339700.0
2023-05-24 07:00:00,65.47,66.39,64.73,65.29,350900.0
2023-05-25 07:00:00,65.19,66.03,64.36,65.93,190300.0
2023-05-26 07:00:00,65.56,66.12,64.55,64.55,161500.0
2023-05-29 07:00:00,66.03,66.03,64.46,64.92,230600.0
2023-05-30 07:00:00,64.92,65.29,64.27,65.1,131500.0
2023-05-31 07:00:00,64.92,65.56,64.92,65.56,66900.0
2023-06-01 07:00:00,65.56,67.69,65.29,67.23,149300.0
2023-06-02 07:00:00,67.32,67.87,66.67,67.87,174800.0
2023-06-05 07:00:00,67.78,67.78,66.03,66.95,120500.0
2023-06-06 07:00:00,67.04,67.13,66.3,66.86,62700.0
2023-06-07 07:00:00,66.21,66.95,65.56,66.95,142700.0
2023-06-08 07:00:00,66.49,66.76,65.38,65.38,164000.0_err
2023-06-09 07:00:00,65.47,65.56,64.64,65.56,92200.0
2023-06-12 07:00:00,65.56,66.49,65.56,65.84,79400.0
2023-06-13 07:00:00,67.04,68.33,66.03,67.96,280200.0
2023-06-14 07:00:00,68.43,68.43,66.03,66.03,128500.0
2023-06-15 07:00:00,66.03,66.86,66.03,66.76,47400.0
2023-06-16 07:00:00,67.23,67.41,65.84,66.76,195800.0
2023-06-19 07:00:00,66.39,66.76,65.47,65.47,77100.0
2023-06-20 07:00:00,65.38,66.03,65.38,66.03,120500.0
2023-06-21 07:00:00,66.21,66.3,65.56,65.75,105000.0
2023-06-22 07:00:00,67.32,67.32,65.56,65.75,131900.0
2023-06-23 07:00:00,65.84,67.13,94.58678953128795,67.04,305200.0
2023-06-26 07:00:00,67.04,68.52,66.3,67.69,257200.0
2023-06-27 07:00:00,68.33,68.43,67.23,67.41,90600.0
2023-06-28 07:00:00,67.41,67.87,67.04,67.04,87200.0
2023-06-29 07:00:00,67.13,67.88,66.01,66.1,164900.0
2023-06-30 07:00:00,66.39,66.48,66.01,66.01,107000.0
2023-07-03 07:00:00,66.01,66.1,65.36,66.01,118700.0
2023-07-04 07:00:00,66.01,67.6,66.01,67.6,142100.0
2023-07-05 07:00:00,67.23,68.35,67.23,68.16,209100.0
2023-07-06 07:00:00,68.16,68.63,66.48,67.42,138500.0
2023-07-07 07:00:00,67.42,70.51,67.23,69.85,476000.0
2023-07-10 07:00:00,69.85,71.35,69.57,70.97,400900.0
2023-07-11 07:00:00,71.07,72.28,69.29,70.04,391900.0
2023-07-12 07:00:00,70.79,70.79,69.29,69.94,322100.0
2023-07-13 07:00:00,69.76,70.69,69.29,69.29,262800.0
2023-07-14 07:00:00,69.76,70.41,68.82,69.38,315500.0
2023-07-17 07:00:00,69.48,69.48,68.54,69.19,330300.0
2023-07-18 07:00:00,69.19,70.51,69.01,70.51,297200.0
2023-07-19 07:00:00,70.97,71.25,69.29,69.29,197800.0
2023-07-20 07:00:00,69.29,69.38,68.82,69.38,185200.0
2023-07-21 07:00:00,69.38,69.76,68.91,69.29,201700.0
2023-07-24 07:00:00,69.29,69.85,69.19,69.29,194400.0
2023-07-25 07:00:00,69.66,69.66,68.63,68.82,261100.0
2023-07-26 07:00:00,69.19,69.29,97.6302494655585,68.35,357400.0
2023-07-27 07:00:00,68.35,68.45,67.23,67.88,191300.0
2023-07-28 07:00:00,67.88,68.82,67.42,67.6,189800.0
2023-07-31 07:00:00,67.88,68.73,67.42,68.16,210000.0
2023-08-01 07:00:00,68.35,68.63,67.88,68.16,289100.0
2023-08-02 07:00:00,67.42,68.45,67.42,67.98,162700.0
2023-08-03 07:00:00,67.79,68.35,67.42,67.42,169800.0
2023-08-04 07:00:00,67.42,67.98,67.23,67.6,233400.0
2023-08-07 07:00:00,67.6,69.29,67.42,68.92556204906427,387000.0
2023-08-08 07:00:00,70.22,70.41,69.48,69.85,249400.0
2023-08-09 07:00:00,69.85,70.22,69.1,69.29,198700.0
2023-08-10 07:00:00,69.29,69.76,68.35,68.35,172100.0
2023-08-11 07:00:00,67.88,68.54,67.7,68.35,218100.0
2023-08-14 07:00:00,68.16,68.35,67.42,66.15618048167057,240800.0
2023-08-15 07:00:00,67.7,68.35,67.32,68.35,187700.0
2023-08-16 07:00:00,68.35,69.85,67.88,69.29,318300.0
2023-08-17 07:00:00,69.57,69.76,67.98,67.98,180900.0
2023-08-18 07:00:00,67.98,68.73,64.23,64.61,368100.0
2023-08-21 07:00:00,65,67,64,66,"291,400"
2023-08-22 07:00:00,65.54,68.82,64.61,68.82,276900.0
2023-08-23 07:00:00,68.82,68.82,67.51,68.73,118600.0
2023-08-24 07:00:00,68.63,70.04,68.07,69.48,164200.0
2023-08-25 07:00:00,69.76,74.25,69.38,74.25,915300.0
2023-08-28 07:00:00,74.25,77.72,74.25,75.0,275100.0
2023-08-29 07:00:00,75.09,76.78,74.44,75.75,265700.0
2023-08-30 07:00:00,76.31,78.28,75.75,77.81,447400.0
2023-08-31 07:00:00,79.12,79.12,77.25,78.0,190300.0
2023-09-05 07:00:00,78.0,78.65,76.87,78.09,275200.0
2023-09-06 07:00:00,78.28,78.65,75.28,76.78,252000.0
2023-09-07 07:00:00,76.31,78.37,76.31,77.72,151800.0
2023-09-08 07:00:00,77.72,79.49,76.78,79.03,234500.0
2023-09-11 07:00:00,79.59,79.59,76.22,76.59,269300.0
2023-09-12 07:00:00,76.87,77.25,75.94,77.25,142300.0
2023-09-13 07:00:00,77.72,80.15,76.78,76.78,337500.0
2023-09-14 07:00:00,76.78,76.87,73.97,73.97,470200.0
2023-09-15 07:00:00,74.06,75.09,72.75,73.22,350300.0
2023-09-18 07:00:00,74.16,74.16,73.03,73.13,193900.0
2023-09-19 07:00:00,73.31,77.53,72.75,77.25,617700.0
2023-09-20 07:00:00,78.18,78.93,77.15,78.37,318100.0
2023-09-21 07:00:00,79.49,79.49,75.75,76.31,635700.0
2023-09-22 07:00:00,75.28,77.06,70.97,70.97,4436300.0
2023-09-25 07:00:00,71.44,73.03,69.76,69.76,596800.0
2023-09-26 07:00:00,69.29,72.75,69.29,70.13,512000.0
2023-09-27 07:00:00,70.79,71.35,68.82,71.16,371500.0
2023-09-28 07:00:00,71.63,72.47,71.25,71.72,625500.0
2023-09-29 07:00:00,72.66,73.6,71.91,72.94,362500.0
2023-10-02 07:00:00,73.69,74.72,73.13,73.78,289800.0
2023-10-03 07:00:00,72.57,73.41,71.44,71.82,413400.0
2023-10-04 07:00:00,70.32,73.22,70.32,72.85,255500.0
2023-10-05 07:00:00,73.13,73.22,72.1,72.19,140300.0
2023-10-06 07:00:00,72.19,73.69,71.54,73.5,206400.0
2023-10-09 07:00:00,73.5,74.81,73.03,74.34,440400.0
2023-10-10 07:00:00,74.81,76.5,74.44,74.91,406600.0
2023-10-11 07:00:00,75.0,75.37,73.97,75.37,170600.0
2023-10-12 07:00:00,75.28,75.84,75.19,75.84,222900.0
2023-10-13 07:00:00,75.0,75.84,74.25,75.84,253900.0
2023-10-16 07:00:00,76.03,76.12,74.44,74.53,187400.0
2023-10-17 07:00:00,74.53,75.37,70.41,70.41,241500.0
2023-10-18 07:00:00,70.79,71.91,70.04,70.69,533100.0
2023-10-19 07:00:00,70.79,72.1,69.29,70.51,207600.0
2023-10-20 07:00:00,71.07,71.25,100.39190755406325,71.16,185900.0
2023-10-23 07:00:00,70.41,71.16,69.76,70.22,166300.0_err
2023-10-24 07:00:00,69.48,72.47,69.48,72.28,322200.0
2023-10-25 07:00:00,71.82,72.94,71.07,71.07,104100.0
2023-10-26 07:00:00,70.32,70.32,68.07,69.01,415100.0
2023-10-27 07:00:00,70.04,70.69,99.60286238591904,70.22,139700.0
2023-10-30 07:00:00,69.76,69.85,67.98,67.98,64500.0
2023-10-31 07:00:00,67.88,68.35,66.57,66.57,272400.0
2023-11-01 07:00:00,66.39,68.91,66.29,68.91,194200.0
2023-11-02 07:00:00,68.91,70.6,68.91,70.41,119300.0
2023-11-03 07:00:00,70.97,72.66,70.22,72.57,284000.0
2023-11-06 07:00:00,73.5,73.5,71.63,72.85,130100.0
2023-11-07 07:00:00,72.85,73.03,72.0,72.38,129200.0
2023-11-08 07:00:00,72.38,74.81,72.19,74.81,277300.0
2023-11-09 07:00:00,74.81,76.4,74.44,75.47,256700.0
2023-11-10 07:00:00,74.91,75.19,74.16,74.16,217400.0
2023-11-13 07:00:00,74.16,74.63,73.6,73.88,66100.0
2023-11-14 07:00:00,75.28,75.28,74.06,74.44,130700.0
2023-11-15 07:00:00,75.37,75.56,74.25,74.91,175800.0
2023-11-16 07:00:00,74.34,80.15,74.34,80.15,1070500.0
2023-11-17 07:00:00,81.55,83.24,80.52,80.81,493300.0
2023-11-20 07:00:00,79.59,80.43,78.46,79.49,641600.0
2023-11-21 07:00:00,79.49,83.33,79.49,82.49,645500.0
2023-11-22 07:00:00,82.49,83.71,81.18,82.49,373700.0
2023-11-23 07:00:00,82.49,82.77,78.28,78.28,361400.0
2023-11-24 07:00:00,78.84,82.58,116.35598211669534,82.4,839400.0
2023-11-27 07:00:00,82.49,82.49,80.99,80.99,138000.0
2023-11-28 07:00:00,79.78,82.02,79.59,82.02,183500.0
2023-11-29 07:00:00,82.12,85.21,81.18,84.93,578400.0
2023-11-30 07:00:00,84.27,86.14,83.8,86.14,403400.0
2023-12-01 07:00:00,85.3,86.05,83.99,84.93,263000.0
2023-12-04 07:00:00,84.93,85.11,84.08,85.11,324700.0
2023-12-05 07:00:00,85.11,86.24,83.71,83.9,420800.0
2023-12-06 07:00:00,83.43,84.46,82.58,83.05,403000.0
2023-12-07 07:00:00,83.05,85.21,82.87,84.74,462200.0
2023-12-08 07:00:00,84.74,86.14,83.71,84.74,258700.0
2023-12-11 07:00:00,84.74,85.49,83.52,83.9,216400.0
2023-12-12 07:00:00,84.46,85.67,83.15,85.49,349600.0
2023-12-13 07:00:00,85.96,86.42,83.61,83.71,329400.0
2023-12-14 07:00:00,83.9,84.36,82.96,82.96,280000.0
2023-12-15 07:00:00,82,83,82,82,"279,300"
2023-12-18 07:00:00,82.02,82.02,80.52,81.09,295600.0
2023-12-19 07:00:00,81.09,81.84,80.34,81.37,173900.0
2023-12-20 07:00:00,82.02,82.02,80.34,81.37,87000.0
2023-12-21 07:00:00,81.09,81.37,80.52,81.27,109800.0
2023-12-22 07:00:00,81.65,84.46,119.00491946689378,83.71,285100.0
2023-12-25 07:00:00,84.46,86.14,83.61,86.14,520900.0
2023-12-26 07:00:00,87.08,87.08,84.36,85.67,454100.0
2023-12-27 07:00:00,85.49,86.24,85.02,85.02,403000.0
2023-12-28 07:00:00,85.21,85.21,84.36,84.46,178400.0
2023-12-29 07:00:00,84.55,88.02,83.99,85.96,766300.0
2024-01-02 07:00:00,87.08,87.08,85.21,85.86,141500.0
2024-01-03 07:00:00,85.86,86.52,84.83,85.67,255500.0
2024-01-04 07:00:00,86.14,88.39,85.21,85.21,554700.0
2024-01-05 07:00:00,85.58,86.05,85.11,85.86,203400.0
2024-01-08 07:00:00,86.61,87.08,85.86,86.7,256800.0
2024-01-09 07:00:00,86.61,86.7,85.77,85.96,139500.0
2024-01-10 07:00:00,85.96,86.05,85.02,85.58,289900.0
2024-01-11 07:00:00,85.58,86.7,84.93,86.61,228800.0
2024-01-12 07:00:00,86.52,86.52,80.62,84.27,235600.0
2024-01-15 07:00:00,84,86,84,84,"164,200"
2024-01-16 07:00:00,83.43,85.3,83.05,85.21,151200.0
2024-01-17 07:00:00,85.21,85.39,84.27,84.55,141500.0
2024-01-18 07:00:00,85.12,86.85,84.65,86.46,141800.0
2024-01-19 07:00:00,86.46,89.43,86.46,87.9,394000.0
2024-01-22 07:00:00,87.99,88.95,87.23,88.38,228200.0
2024-01-23 07:00:00,88.76,88.95,87.61,88.57,203000.0
2024-01-24 07:00:00,88.66,89.24,88.19,88.57,163500.0
2024-01-25 07:00:00,88.95,88.95,87.04,87.61,148100.0
2024-01-26 07:00:00,87.99,88.19,87.23,87.9,93000.0
2024-01-29 07:00:00,88.47,88.47,87.23,88.19,104000.0
2024-01-30 07:00:00,88.19,88.95,87.71,88.66,129600.0
2024-01-31 07:00:00,88.95,88.95,86.65,87.32,229500.0
2024-02-01 07:00:00,87.32,90.38,87.04,90.38,720600.0
2024-02-02 07:00:00,90.38,91.25,90.1,90.96,253900.0
2024-02-05 07:00:00,90.96,94.59,90.96,92.78,714700.0
2024-02-06 07:00:00,93.64,93.64,91.82,92.2,135000.0
2024-02-07 07:00:00,92.3,93.25,91.82,92.3,171500.0
2024-02-15 07:00:00,92.3,92.78,91.05,91.53,146500.0
2024-02-16 07:00:00,91.25,92.97,90.77,92.97,257700.0
2024-02-19 07:00:00,92.97,93.25,92.2,93.25,170900.0
2024-02-20 07:00:00,93.45,93.54,91.82,92.78,166700.0
2024-02-21 07:00:00,92.78,92.78,91.15,91.82,247100.0
2024-02-22 07:00:00,92.01,95.07,91.82,94.98,377200.0
2024-02-23 07:00:00,95.65,95.84,93.25,92.48978653743828,308600.0
2024-02-26 07:00:00,93.83,99.28,93.73,97.65,583900.0
2024-02-27 07:00:00,97.65,99.47,97.18,97.75,224500.0
2024-02-28 07:00:00,97.75,99.38,96.32,98.04,234100.0
2024-02-29 07:00:00,98.04,101.38,97.46,100.43,296500.0
2024-03-01 07:00:00,101.38,101.38,99.47,100.43,203900.0
2024-03-04 07:00:00,100.91,101.0,99.47,99.57,231300.0
2024-03-05 07:00:00,99.38,100.33,98.51,99.47,249000.0
2024-03-06 07:00:00,99.47,103.2,98.8,99.47,473700.0
2024-03-07 07:00:00,99.47,102.25,144.07119364776096,101.67,299300.0
2024-03-08 07:00:00,101.77,102.82,100.43,100.62,169600.0
2024-03-11 07:00:00,101.38,107.6,101.29,107.6,877000.0
2024-03-12 07:00:00,109.99,115.06,109.8,112.77,1037600.0
2024-03-13 07:00:00,114.77,117.64,112.57,114.39,504400.0
2024-03-14 07:00:00,114.39,116.21,111.43,112.38,885100.0
2024-03-15 07:00:00,112.38,113.63,109.32,113.34,673700.0
2024-03-18 07:00:00,113.34,114.77,105.69,110.66,1065900.0
2024-03-19 07:00:00,111.04,114.77,110.09,112.86,275400.0_err
2024-03-20 07:00:00,112.48,115.73,109.99,113.91,608100.0
2024-03-21 07:00:00,115.64,121.85,114.3,121.85,933100.0
2024-03-22 07:00:00,121.85,123.19,120.61,122.71,322400.0
2024-03-25 07:00:00,125.3,126.06,121.66,124.34,298300.0
2024-03-26 07:00:00,124.34,129.12,122.43,129.12,358700.0
2024-03-27 07:00:00,129.12,137.35,127.88,136.49,558300.0
2024-03-28 07:00:00,136.49,140.6,136.01,136.19816138449858,293900.0
2024-03-29 07:00:00,135.82,135.82,127.4,132.28,685200.0
2024-04-01 07:00:00,131.99,131.99,128.16,128.64,474700.0
2024-04-02 07:00:00,128.74,133.62,128.64,131.51,273300.0
2024-04-03 07:00:00,131.51,133.52,129.12,129.12,358000.0
2024-04-04 07:00:00,128.16,131.13,126.44,127.69,408300.0
2024-04-05 07:00:00,126.25,129.89,125.87,126.44,443900.0
2024-04-08 07:00:00,128.74,128.74,120.32,121.47,644400.0
2024-04-09 07:00:00,120.13,122.43,119.37,119.46,481500.0
2024-04-10 07:00:00,120.04,122.9,120.04,120.23,186600.0
2024-04-11 07:00:00,119.08,119.08,115.73,117.55,610700.0
2024-04-12 07:00:00,117.17,121.47,117.17,119.84,152500.0
2024-04-15 07:00:00,119.56,121.18,111.52,111.52,461600.0
2024-04-16 07:00:00,111.52,114.3,105.69,114.3,612600.0
2024-04-17 07:00:00,114.77,115.54,112.86,113.53,284700.0
2024-04-19 07:00:00,113.44,113.44,107.12,107.31,739600.0
2024-04-22 07:00:00,109.99,114.77,109.42,114.77,562800.0
2024-04-23 07:00:00,114.77,116.3,111.71,112.86,245100.0
2024-04-24 07:00:00,118.6,119.94,113.82,119.17,468800.0
2024-04-25 07:00:00,120.42,123.38,116.69,117.26,670100.0
2024-04-26 07:00:00,117.26,120.8,116.11,118.6,404900.0
2024-05-02 07:00:00,119.08,122.04,116.69,121.95,455900.0
2024-05-03 07:00:00,122.9,125.3,119.56,124.34,737400.0
2024-05-06 07:00:00,124.24,125.97,123.19,125.2,376100.0
2024-05-07 07:00:00,125.2,126.25,122.33,123.29,576500.0
2024-05-08 07:00:00,123.1,126.25,120.99,123.86,370500.0
2024-05-09 07:00:00,124.15,127.69,123.57,125.2,394500.0
2024-05-10 07:00:00,125.2,125.2,122.23,123.19,274000.0
2024-05-13 07:00:00,123.1,123.19,119.56,120.61,375800.0
2024-05-14 07:00:00,120.99,121.66,119.84,120.99,303300.0
2024-05-15 07:00:00,121.66,129.41,121.47,129.41,1125500.0
2024-05-16 07:00:00,134.0,134.0,128.16,128.16,548100.0
2024-05-17 07:00:00,130.36,130.36,127.88,128.55,499000.0
2024-05-20 07:00:00,130.56,130.56,125.01,125.3,816900.0
2024-05-21 07:00:00,125.3,127.21,122.62,123.67,634600.0
2024-05-22 07:00:00,126.25,126.25,123.1,123.48,386700.0
2024-05-23 07:00:00,123.77,125.87,122.43,125.87,414500.0
2024-05-24 07:00:00,125.3,125.3,119.56,120.99,421900.0
2024-05-27 07:00:00,121.57,124.34,120.99,123.11445343042962,305500.0
2024-05-28 07:00:00,124.34,127.88,124.24,127.4,693200.0_err
2024-05-29 07:00:00,128.55,128.55,124.72,124.82,284600.0
2024-05-30 07:00:00,123.38,124.82,122.43,124.15,284700.0
2024-05-31 07:00:00,124.34,126.44,123.19,125.77,207500.0
2024-06-03 07:00:00,126.63,130.17,126.35,128.16,578400.0
2024-06-04 07:00:00,129.12,129.31,127.02,127.78,338200.0
2024-06-05 07:00:00,128.64,131.51,127.21,125.70422073598645,582300.0
2024-06-06 07:00:00,127.21,129.12,125.68,125.87,245400.0
2024-06-07 07:00:00,126.16,127.97,125.58,127.88,236800.0
2024-06-10 07:00:00,127.88,128.16,125.77,126.73,446900.0
2024-06-11 07:00:00,126.73,126.73,124.72,126.73,355700.0
2024-06-12 07:00:00,126.73,127.69,125.3,127.4,257500.0
2024-06-13 07:00:00,128.16,136.29,127.97,136.29,2063200.0
2024-06-14 07:00:00,136.39,145.76,136.39,145.67,962200.0
2024-06-17 07:00:00,145.67,154.75,145.67,148.73,815000.0
2024-06-18 07:00:00,151.12,153.22,149.11,151.12,571500.0
2024-06-19 07:00:00,151.22,154.95,145.38,151.6,633800.0
2024-06-20 07:00:00,151.98,154.66,149.11,151.6,411900.0
2024-06-21 07:00:00,151.6,154.95,151.6,153.22,999300.0
2024-06-24 07:00:00,153.22,153.99,142.51,144.42,1305500.0
2024-06-25 07:00:00,144.42,144.9,141.46,143.85,407700.0
2024-06-26 07:00:00,144.04,144.9,138.69,140.36749736934345,531500.0
2024-06-27 07:00:00,142.32,142.99,141.56,141.75,157100.0
2024-06-28 07:00:00,140.12,144.33,133.9,134.48,725300.0
2024-07-01 07:00:00,134,139,131,137,"360,400"
2024-07-02 07:00:00,137.44,140.12,136.77,137.44,268400.0
2024-07-03 07:00:00,138.69,138.69,136.68,138.11,162000.0
2024-07-04 07:00:00,138.11,140.12,137.25,140.43051357676302,328100.0
2024-07-05 07:00:00,139.64,143.85,138.97,143.47,397300.0
2024-07-08 07:00:00,143.47,143.95,140.69,141.17,442700.0
2024-07-09 07:00:00,141.17,142.03,138.69,139.16,331400.0
2024-07-10 07:00:00,138.69,142.51,138.69,140.89,256600.0
2024-07-11 07:00:00,141.75,141.75,139.83,140.03,141800.0
2024-07-12 07:00:00,140.12,142.8,140.12,140.69,388400.0
2024-07-15 07:00:00,140.79,141.56,138.69,139.16,170800.0
2024-07-16 07:00:00,139.16,139.45,134.38,135.82,387800.0
2024-07-17 07:00:00,136.1,136.68,126.35,132.37,907400.0
2024-07-18 07:00:00,132.18,132.28,125.01,128.55,479300.0
2024-07-19 07:00:00,131.03,131.03,128.07,129.31,141600.0
2024-07-22 07:00:00,129.12,129.12,121.57,122.52,558600.0
2024-07-23 07:00:00,121,124,117,117,"518,400"
2024-07-24 07:00:00,113.91,124.82,112.38,124.82,856800.0
2024-07-25 07:00:00,124.72,124.72,120.51,123.38,312900.0
2024-07-26 07:00:00,122.43,128.07,120.9,127.21,455500.0
2024-07-29 07:00:00,127.21,127.97,125.2,125.77,184200.0_err
2024-07-30 07:00:00,125.77,125.97,122.43,124.82,326700.0
2024-07-31 07:00:00,124.34,124.34,120.51,120.51,409000.0
2024-08-01 07:00:00,120.61,121.66,115.06,118.12,588800.0
2024-08-02 07:00:00,115.44,119.08,114.01,118.6,551800.0
2024-08-05 07:00:00,114.87,117.64,110.37,110.57,591400.0
2024-08-06 07:00:00,110.66,114.77,107.6,114.11,605500.0
2024-08-07 07:00:00,114.11,115.54,112.86,113.82,294700.0
2024-08-08 07:00:00,114.2,114.2,111.14,112.77,299600.0
2024-08-09 07:00:00,113.82,119.08,113.24,117.55,368100.0
2024-08-12 07:00:00,118.31,118.6,117.26,117.64,170300.0
2024-08-13 07:00:00,117.84,119.94,115.16,115.73,464400.0
2024-08-14 07:00:00,116.78,117.55,115.73,115.73,129200.0
2024-08-15 07:00:00,115.83,116.02,114.3,114.39,250700.0
2024-08-16 07:00:00,114.77,122.33,114.77,122.33,714000.0
2024-08-19 07:00:00,125.3,125.3,120.51,121.95,277200.0
2024-08-20 07:00:00,124.05,124.05,120.99,122.52,388200.0
2024-08-21 07:00:00,122.52,124.34,122.52,122.9,220100.0
2024-08-22 07:00:00,122.9,123.77,121.28,121.66,355000.0
2024-08-23 07:00:00,121.76,124.34,120.7,123.0,195700.0
2024-08-26 07:00:00,123.19,124.82,121.37,121.37,240200.0
2024-08-27 07:00:00,121.09,122.33,120.04,121.47,163400.0
2024-08-28 07:00:00,121.47,122.33,120.61,120.61,171400.0
2024-08-29 07:00:00,120.7,121.28,120.13,120.23,109900.0
2024-08-30 07:00:00,120.42,123.1,120.42,122.52,286900.0
2024-09-04 07:00:00,120.8,121.76,120.61,121.66,245500.0
2024-09-05 07:00:00,121.66,121.76,119.56,116.04812668576905,232000.0
2024-09-06 07:00:00,119.56,119.56,117.64,119.08,196300.0
2024-09-09 07:00:00,118.98,119.84,117.64,118.98,114100.0
2024-09-10 07:00:00,119.84,119.84,117.74,117.74,145500.0
2024-09-11 07:00:00,117.64,119.08,116.69,117.64,121400.0
2024-09-12 07:00:00,118.6,119.27,117.84,118.98,191100.0
2024-09-13 07:00:00,118.79,120.32,118.6,119.56,117300.0
2024-09-16 07:00:00,119.56,120.23,118.6,118.6,167100.0
2024-09-17 07:00:00,117.84,119.17,117.36,119.17,158800.0
2024-09-18 07:00:00,119.65,127.5,119.65,127.5,1145300.0
2024-09-19 07:00:00,130.08,130.08,127.78,128.64,418200.0
2024-09-20 07:00:00,129.03,129.6,125.97,126.92,486400.0
2024-09-23 07:00:00,127.3,127.3,123.48,123.48,448700.0
2024-09-24 07:00:00,124.15,129.6,124.15,127.69,511000.0
2024-09-25 07:00:00,127.69,129.03,126.63,126.73,273000.0
2024-09-26 07:00:00,126.73,127.59,125.39,121.95020884447868,249600.0
2024-09-27 07:00:00,126.85,126.85,123.63,124.02,506300.0
2024-09-30 07:00:00,123.73,124.7,123.24,123.43,141300.0
2024-10-01 07:00:00,124.12,125.29,123.34,123.34,207900.0
2024-10-02 07:00:00,123.34,124.22,123.04,123.82,166200.0
2024-10-03 07:00:00,124.02,125.19,122.85,123.24,187800.0
2024-10-04 07:00:00,123.04,127.34,123.04,125.0,551800.0
2024-10-07 07:00:00,125.0,126.46,124.7,125.0,128000.0
2024-10-08 07:00:00,125.0,126.46,124.7,126.91284829792978,331300.0
2024-10-09 07:00:00,125.48,131.83,125.48,129.98,759600.0
2024-10-10 07:00:00,130.37,130.66,128.71,130.07,317600.0
2024-10-11 07:00:00,129.39,133.79,129.0,132.42,339500.0
2024-10-14 07:00:00,132.81,132.81,130.27,130.47,217300.0
2024-10-15 07:00:00,130.47,131.64,128.41,128.41,220400.0
2024-10-16 07:00:00,128.41,130.27,128.22,130.07,210200.0
2024-10-17 07:00:00,130.07,132.32,128.51,129.68,249200.0
2024-10-18 07:00:00,129.78,131.83,128.41,128.9,326000.0
2024-10-21 07:00:00,128.9,129.2,127.63,127.63,149600.0
2024-10-22 07:00:00,126.95,127.63,124.02,124.41,521700.0
2024-10-23 07:00:00,124.31,124.31,175.15393723572777,123.14,441900.0
2024-10-24 07:00:00,123.24,125.68,123.24,123.63,193900.0
2024-10-25 07:00:00,124.02,124.51,123.34,123.63,275600.0
2024-10-28 07:00:00,124.51,125.48,124.02,124.7,243000.0
2024-10-29 07:00:00,125.48,128.81,125.0,126.27,387800.0
2024-10-30 07:00:00,126.46,126.66,124.8,124.9,153500.0
2024-10-31 07:00:00,125,125,124,124,"291,700"
2024-11-01 07:00:00,123.43,124.12,121.29,121.29,546600.0
2024-11-04 07:00:00,121.58,122.26,118.94,119.93020432488078,533200.0
2024-11-05 07:00:00,121.09,121.97,120.7,121.58,200100.0
2024-11-06 07:00:00,122.46,123.82,121.58,122.16,539500.0
2024-11-07 07:00:00,123.04,128.41,122.26,125.09,1117600.0
2024-11-08 07:00:00,125.97,130.66,124.61,128.12,1210000.0
2024-11-11 07:00:00,129.98,131.64,126.17,126.36,1383800.0
2024-11-12 07:00:00,126.36,128.41,124.02,128.12,1437200.0
2024-11-13 07:00:00,128.9,136.32,128.12,134.96,2650900.0
2024-11-14 07:00:00,135.54,135.74,129.39,129.78,1261600.0
2024-11-15 07:00:00,127.14,129.78,123.24,126.46,1651700.0
2024-11-18 07:00:00,128.9,128.9,120.6,122.07,1544400.0
2024-11-19 07:00:00,122.95,122.95,114.35,114.35,2222600.0
2024-11-20 07:00:00,115.13,119.14,108.69,113.77,1316900.0
2024-11-21 07:00:00,114.25,117.48,114.25,116.79,627800.0
2024-11-22 07:00:00,117.48,119.04,115.91,116.11,722700.0
2024-11-25 07:00:00,116.21,117.09,115.52,116.11,737100.0
2024-11-26 07:00:00,116.89,116.89,113.57,113.86,1592400.0
2024-11-27 07:00:00,114.25,115.72,113.86,113.96,865000.0
2024-11-28 07:00:00,114.45,116.5,114.45,114.84,743700.0
2024-11-29 07:00:00,115.72,120.11,114.84,116.7,2668200.0
2024-12-02 07:00:00,117.18,119.14,115.33,116.01,1272900.0
2024-12-03 07:00:00,116.11,122.56,115.33,122.07,2715400.0
2024-12-04 07:00:00,122.65,124.51,120.6,123.24,1779800.0
2024-12-05 07:00:00,123.53,123.53,118.16,120.02,1692400.0
2024-12-06 07:00:00,121.87,121.87,120.21,121.58,737600.0
2024-12-09 07:00:00,122,122,120,121,"643,400"
2024-12-10 07:00:00,121.38,121.38,119.33,121.09,919600.0
2024-12-11 07:00:00,120.11,121.19,119.63,120.31,571200.0
2024-12-12 07:00:00,120.31,121.09,118.94,119.33,511700.0
2024-12-13 07:00:00,118.94,119.72,117.67,117.67,690200.0
2024-12-16 07:00:00,118,119,116,118,"622,900"
2024-12-17 07:00:00,117.87,119.72,117.48,119.14,304200.0
2024-12-18 07:00:00,119.14,120.11,118.36,119.63,275700.0
2024-12-19 07:00:00,118.16,120.9,117.48,119.33,647300.0
2024-12-20 07:00:00,119.53,121.09,119.14,119.63,819600.0
2024-12-23 07:00:00,120.99,120.99,119.04,119.63,361800.0
2024-12-24 07:00:00,119.72,122.07,119.63,122.07,1274300.0
2024-12-25 07:00:00,122.85,123.63,120.5,122.95,1007600.0
2024-12-26 07:00:00,123.04,123.14,121.19,122.07,626700.0
2024-12-27 07:00:00,121.09,121.48,119.82,120.02,800300.0
2024-12-30 07:00:00,119.82,120.11,118.94,120.11,463900.0
2024-12-31 07:00:00,120.11,121.68,120.11,121.58,566800.0
2025-01-02 07:00:00,121.68,123.53,120.31,122.56,803900.0
2025-01-03 07:00:00,122.65,129.78,122.65,126.46,2777300.0
2025-01-06 07:00:00,126.95,130.17,126.17,128.41,1884500.0
2025-01-07 07:00:00,129.49,129.49,125.29,126.95,1327200.0
2025-01-08 07:00:00,126.17,126.85,123.53,125.48,1433400.0
2025-01-09 07:00:00,125.97,125.97,123.82,124.12,500300.0
2025-01-10 07:00:00,123.63,124.51,121.58,121.58,768500.0
2025-01-13 07:00:00,120.21,122.36,119.04,122.36,822900.0
2025-01-14 07:00:00,123.04,123.04,120.6,122.36,429300.0
2025-01-15 07:00:00,120.7,123.63,120.7,123.04,354200.0
2025-01-16 07:00:00,124.22,125.78,123.04,125.78,1173500.0
2025-01-17 07:00:00,126.56,127.73,125.78,125.97,802500.0
2025-01-20 07:00:00,126.17,128.41,124.51,125.88,582600.0
2025-01-21 07:00:00,126.56,128.22,125.0,125.39,951200.0
2025-01-22 07:00:00,125.09,133.1,125.09,130.66,2796100.0
2025-01-23 07:00:00,129.88,131.54,129.88,130.27,647700.0
2025-01-24 07:00:00,130.27,132.03,128.41,128.51,840100.0
2025-02-03 07:00:00,127.05,127.05,121.09,122.07,1644700.0
2025-02-04 07:00:00,122.07,124.02,121.09,124.02,787600.0
2025-02-05 07:00:00,124.02,126.46,124.02,125.39,511000.0
2025-02-06 07:00:00,126.36,126.36,123.63,125.0,621100.0
2025-02-07 07:00:00,125.0,125.0,176.12615360361974,123.04,756200.0
2025-02-10 07:00:00,121.09,121.09,118.55,118.75,1916300.0
2025-02-11 07:00:00,118.94,121.09,118.16,120.11,890500.0
2025-02-12 07:00:00,120.6,120.8,119.24,120.21,445500.0
2025-02-13 07:00:00,119.33,120.02,118.16,118.84,694600.0
2025-02-14 07:00:00,118.55,119.72,116.7,116.7,1155200.0
2025-02-17 07:00:00,116.89,116.89,113.77,113.86,1350300.0
2025-02-18 07:00:00,114.25,118.84,113.86,118.84,479300.0
2025-02-19 07:00:00,118.36,118.36,116.5,117.18,498700.0
2025-02-20 07:00:00,117.28,118.06,116.01,117.18,606800.0
2025-02-21 07:00:00,117.18,117.67,116.11,117.67,432000.0
2025-02-24 07:00:00,117.09,117.18,115.23,115.33,472200.0
2025-02-25 07:00:00,115.72,116.21,114.25,115.62,525200.0
2025-02-26 07:00:00,115.62,118.65,115.62,117.09,484100.0
2025-02-27 07:00:00,117.97,117.97,115.72,117.57,332500.0
2025-02-28 07:00:00,117.09,117.97,116.21,117.57,500300.0
2025-03-03 07:00:00,117.57,119.14,116.89,117.57,462200.0
2025-03-04 07:00:00,117.18,117.67,116.21,117.18,355500.0
2025-03-05 07:00:00,117.48,117.67,116.01,116.21,528900.0_err
2025-03-06 07:00:00,116.31,117.38,116.01,116.99,406800.0
2025-03-07 07:00:00,116.99,118.36,116.5,117.48,481000.0
2025-03-10 07:00:00,117.67,118.16,116.4,117.38,381200.0
2025-03-11 07:00:00,116.21,116.6,115.72,115.91,494900.0
2025-03-12 07:00:00,116.6,116.6,114.25,114.35,692800.0
2025-03-13 07:00:00,116.7,116.7,112.3,112.3,806400.0
2025-03-14 07:00:00,112.4,112.89,109.18,109.47,950100.0
2025-03-17 07:00:00,108.4,110.93,108.4,109.47,496200.0
2025-03-18 07:00:00,109,110,107,107,"569,800"
2025-03-19 07:00:00,108.49,108.79,104.29,104.49,714400.0
2025-03-20 07:00:00,105,106,103,104,"454,700"
2025-03-21 07:00:00,103.61,106.25,103.02,103.51,653100.0
2025-03-24 07:00:00,105.17,105.56,104.0,105.47,229900.0
2025-03-25 07:00:00,106.44,106.44,104.49,105.08,257400.0
2025-03-26 07:00:00,105.08,105.08,99.12,99.12,949800.0
2025-03-27 07:00:00,99.61,101.66,97.85,101.07,620200.0
2025-03-28 07:00:00,102,102,100,100,"204,900"
2025-03-31 07:00:00,98.63,100.58,94.43,100.58,938400.0
2025-04-01 07:00:00,99.61,99.61,96.19,96.48,595000.0
2025-04-02 07:00:00,95.7,97.46,94.72,96.29,404800.0
2025-04-03 07:00:00,89.84,93.75,89.55,89.55,755600.0
2025-04-04 07:00:00,83.3,83.3,83.3,83.3,394200.0
2025-04-08 07:00:00,77.54,78.12,77.54,77.54,443200.0
2025-04-09 07:00:00,72.17,75.19,105.94340391564934,72.17,2002900.0
2025-04-10 07:00:00,77.15,77.15,77.15,77.15,114200.0
2025-04-11 07:00:00,82.52,82.52,80.17,82.52,1575200.0
2025-04-14 07:00:00,86.52,86.91,83.98,84.96,803200.0
2025-04-15 07:00:00,84.76,84.86,81.54,81.83,608800.0
2025-04-16 07:00:00,79.59,83.49,79.59,81.05,471000.0
2025-04-17 07:00:00,80.56,81.93,79.59,80.95,303700.0
2025-04-18 07:00:00,81.93,84.86,81.54,83.88,511300.0
2025-04-21 07:00:00,83.1,83.69,80.47,80.66,547600.0
2025-04-22 07:00:00,80.08,80.08,75.1,76.27,1386800.0
2025-04-23 07:00:00,76.37,81.54,76.37,81.54,1116500.0
2025-04-24 07:00:00,81.64,86.91,81.64,83.4,931900.0
2025-04-25 07:00:00,84.37,84.37,81.83,81.93,716200.0
2025-04-28 07:00:00,82.03,84.76,82.03,82.32,620500.0
2025-04-29 07:00:00,82.42,83.3,82.03,82.81,398000.0
2025-05-05 07:00:00,83.98,84.76,82.03,84.76,560200.0
2025-05-06 07:00:00,84.76,87.99,84.76,88.88044711613844,1115800.0
2025-05-07 07:00:00,86.91,86.91,85.15,86.42,466400.0
2025-05-08 07:00:00,86.42,87.3,85.54,87.2,602600.0
2025-05-09 07:00:00,87.5,92.09,87.5,91.4,1310500.0_err
2025-05-12 07:00:00,92.28,92.28,90.04,91.11,435600.0
2025-05-13 07:00:00,93,93,91,91,"525,700"
2025-05-14 07:00:00,91.21,95.02,91.21,93.94,1178000.0
2025-05-15 07:00:00,94.92,95.21,92.67,93.75,547000.0
2025-05-16 07:00:00,93.75,96.19,92.87,95.7,927500.0
2025-05-19 07:00:00,95.41,95.41,92.38,93.06,591400.0
2025-05-20 07:00:00,93.06,93.75,91.79,92.09,548000.0
2025-05-21 07:00:00,92.67,94.43,91.79,92.28,388200.0
2025-05-22 07:00:00,92.28,92.77,88.38,88.57,1040200.0
2025-05-23 07:00:00,89.35,89.84,87.89,88.86,571700.0
2025-05-26 07:00:00,88.86,90.72,85.94,90.72,441800.0
2025-05-27 07:00:00,90.82,92.48,90.33,92.38,502100.0
2025-05-28 07:00:00,92.38,92.67,90.82,91.11,407300.0
2025-05-29 07:00:00,91.89,92.58,90.43,91.21,310800.0
2025-05-30 07:00:00,91.31,91.89,87.99,87.99,595200.0
2025-06-02 07:00:00,87.89,88.57,87.01,88.18,300100.0
2025-06-03 07:00:00,88.47,90.13,88.47,89.94,423700.0
2025-06-04 07:00:00,89.94,90.43,88.38,86.47550631587919,377500.0
2025-06-05 07:00:00,,,,,
2025-06-06 07:00:00,,,,,
2025-06-09 07:00:00,,,,,
2025-06-10 07:00:00,,,,,
2025-06-11 07:00:00,,,,,
2025-06-12 07:00:00,,,,,
2025-06-13 07:00:00,,,,,
2025-06-16 07:00:00,,,,,
2025-06-17 07:00:00,,,,,
2025-06-18 07:00:00,,,,,
2025-06-19 07:00:00,,,,,
2025-06-20 07:00:00,,,,,
2025-06-23 07:00:00,,,,,
2025-06-24 07:00:00,,,,,
2025-06-25 07:00:00,,,,,
2025-06-26 07:00:00,,,,,
2025-06-27 07:00:00,,,,,
2025-06-30 07:00:00,,,,,
2025-07-01 07:00:00,,,,,
2025-07-02 07:00:00,,,,,
2025-07-03 07:00:00,,,,,
2025-07-04 07:00:00,,,,,
2025-07-07 07:00:00,,,,,
2025-07-08 07:00:00,99.12,101.07,142.40856275774277,100.97,770100.0
2025-07-09 07:00:00,101.07,101.56,99.8,100.58,519900.0
2025-07-10 07:00:00,100.58,102.54,99.8,100.0,562900.0
2025-07-11 07:00:00,99.9,100.09,99.02,99.22,623600.0
2025-07-14 07:00:00,99.22,100.09,97.75,99.51,604300.0
2025-07-15 07:00:00,100.49,101.95,99.12,99.12,880700.0
2025-07-16 07:00:00,100.09,101.95,99.12,99.8,581200.0
2025-07-17 07:00:00,100.0,100.58,99.12,99.41,493200.0
2025-07-18 07:00:00,99.7,99.7,97.26,97.46,1346700.0
2025-07-21 07:00:00,97.46,98.34,95.7,95.7,779700.0
2025-07-22 07:00:00,95.7,97.56,95.02,97.17,456800.0
2025-07-23 07:00:00,97.65,97.65,96.29,96.48,746100.0
2025-07-24 07:00:00,96.77,97.26,95.99,96.09,478600.0
2025-07-25 07:00:00,96.19,97.56,96.19,96.38,781700.0
2025-07-28 07:00:00,96.77,97.56,95.99,97.26,967900.0
2025-07-29 07:00:00,98.14,98.14,92.77,92.77,1057500.0
2025-07-30 07:00:00,93.36,93.36,90.82,90.92,833900.0
2025-07-31 07:00:00,91.11,91.31,87.79,88.18,1449300.0
2025-08-01 07:00:00,88.38,90.23,87.6,87.89,1187400.0
2025-08-04 07:00:00,88.86,91.21,88.57,90.13,481600.0
2025-08-05 07:00:00,90.62,90.72,88.38,88.77,725800.0
2025-08-06 07:00:00,88.86,90.43,88.86,90.04,599400.0
2025-08-07 07:00:00,90.72,92.87,90.52,90.52,960100.0
2025-08-08 07:00:00,90.62,94.33,90.52,91.79,1706700.0
2025-08-11 07:00:00,92.77,93.26,91.89,92.28,563100.0
2025-08-12 07:00:00,93.16,93.16,91.79,92.58,731700.0
2025-08-13 07:00:00,92.67,93.06,90.92,92.28,703600.0
2025-08-14 07:00:00,92.67,92.67,91.11,91.31,580200.0
2025-08-15 07:00:00,91.4,92.18,89.94,89.94,696200.0
2025-08-18 07:00:00,89.74,90.43,127.41670456300268,89.55,602600.0
2025-08-19 07:00:00,89.84,90.82,89.55,90.04,441000.0
2025-08-20 07:00:00,89.35,89.74,85.94,87.79,969000.0
2025-08-21 07:00:00,87.69,87.79,85.94,87.5,678100.0
2025-08-22 07:00:00,87.5,87.6,83.49,84.18,901400.0
2025-08-25 07:00:00,84.28,85.25,81.74,81.83,639200.0
2025-08-26 07:00:00,81.05,84.37,81.05,84.37,423300.0
2025-08-27 07:00:00,84.18,87.01,84.18,86.23,453500.0
2025-08-28 07:00:00,86.33,87.2,85.74,86.13,174300.0
2025-08-29 07:00:00,87.69,87.69,85.45,87.11,381300.0
2025-09-03 07:00:00,87.11,87.4,86.03,87.01,238000.0
2025-09-04 07:00:00,87.11,90.04,87.11,88.36694888133879,671800.0
2025-09-05 07:00:00,90.13,90.43,88.67,88.67,419400.0
2025-09-08 07:00:00,88.67,88.67,85.45,85.45,479600.0
2025-09-09 07:00:00,85.45,86.33,84.96,85.84,195900.0
2025-09-10 07:00:00,86.03,86.42,84.96,85.74,148500.0
2025-09-11 07:00:00,85.94,85.94,83.98,85.35,276000.0
2025-09-12 07:00:00,86.42,87.69,86.42,87.01,429300.0
2025-09-15 07:00:00,88.38,90.62,88.38,90.33,782800.0
2025-09-16 07:00:00,90.82,90.82,88.77,88.96,498600.0
2025-09-17 07:00:00,88.96,90.13,88.96,89.45,439800.0
2025-09-18 07:00:00,90.04,90.04,88.28,88.86,258800.0
2025-09-19 07:00:00,89.16,89.74,88.18,88.18,288800.0
2025-09-22 07:00:00,89.16,89.16,86.91,87.2,266300.0
2025-09-23 07:00:00,87.3,87.89,86.91,87.2,220000.0
2025-09-24 07:00:00,87.3,87.4,86.42,87.3,200200.0
2025-09-25 07:00:00,87.5,88.67,87.3,88.38,208200.0
2025-09-26 07:00:00,88.67,88.77,87.6,87.89,249300.0
2025-09-29 07:00:00,88.47,88.47,87.01,87.4,222700.0
2025-09-30 07:00:00,88.0,88.0,84.9,85.7,394200.0
2025-10-01 07:00:00,85.2,85.9,84.5,84.6,223000.0
2025-10-02 07:00:00,84.6,85.1,83.9,83.9,173600.0
2025-10-03 07:00:00,83.3,83.6,82.1,82.4,274000.0
2025-10-06 07:00:00,82.5,84.1,82.5,82.8,347400.0
2025-10-07 07:00:00,83.0,83.9,83.0,83.1,133800.0
2025-10-08 07:00:00,84.0,84.1,83.3,83.6,108100.0
2025-10-09 07:00:00,83.9,83.9,82.6,82.9,233600.0
2025-10-10 07:00:00,82.9,84.0,82.5,84.0,249800.0
2025-10-13 07:00:00,82.8,83.8,82.6,83.6,187700.0
2025-10-14 07:00:00,83.2,84.5,82.2,82.4,341200.0
2025-10-15 07:00:00,82.5,82.5,80.8,81.0,411400.0
2025-10-16 07:00:00,80.5,82.0,80.5,81.4,207400.0
2025-10-17 07:00:00,81.4,81.4,79.6,80.0,314300.0
2025-10-20 07:00:00,80.3,85.6,79.6,83.1,1404900.0
2025-10-21 07:00:00,85.0,88.7,84.9,86.9,741500.0
2025-10-22 07:00:00,88.0,88.0,84.0,85.9,508800.0
2025-10-23 07:00:00,85.9,86.1,84.1,85.0,402400.0
2025-10-24 07:00:00,84.0,90.9,84.0,90.9,2006300.0_err
2025-10-27 07:00:00,92.2,94.0,91.0,91.0,1113400.0
2025-10-28 07:00:00,90.8,93.0,88.0,90.5,785500.0
2025-10-29 07:00:00,91.0,93.0,89.5,91.8,903800.0
2025-10-30 07:00:00,91.9,96.0,91.8,94.0,1672600.0
2025-10-31 07:00:00,95.2,95.5,92.0,92.0,848200.0
2025-11-03 07:00:00,92.8,94.1,89.8,89.8,1032400.0
2025-11-04 07:00:00,89.5,90.5,85.3,90.3,1336200.0
2025-11-05 07:00:00,90.5,92.9,89.2,90.5,518200.0
2025-11-06 07:00:00,90.8,91.4,88.3,89.3,657800.0
2025-11-07 07:00:00,89.4,92.2,89.0,89.3,888900.0
2025-11-10 07:00:00,90.3,90.5,87.0,87.0,459900.0
2025-11-11 07:00:00,87.0,90.1,87.0,90.0,637500.0
2025-11-12 07:00:00,90.0,91.4,89.4,91.4,557400.0
2025-11-13 07:00:00,91.5,93.4,90.6,92.9,854500.0
2025-11-14 07:00:00,92.5,93.6,92.0,92.6,697200.0
2025-11-17 07:00:00,92.7,92.7,91.0,91.2,437500.0
2025-11-18 07:00:00,90.7,93.7,90.7,93.0,690500.0
2025-11-19 07:00:00,93.7,93.7,90.2,92.5,627400.0
2025-11-20 07:00:00,92.5,92.5,90.2,91.5,394900.0
2025-11-21 07:00:00,90.6,90.6,88.5,89.54319854639601,639100.0
2025-11-24 07:00:00,89.9,90.1,88.6,88.6,347000.0_err
2025-11-25 07:00:00,88.6,88.6,86.0,86.2,758900.0
2025-11-26 07:00:00,86.1,88.0,86.1,88.0,344000.0
2025-11-27 07:00:00,88.0,88.4,86.3,87.8,282700.0
2025-11-28 07:00:00,88.0,88.0,86.4,85.73435781255488,242200.0
2025-12-01 07:00:00,86.5,87.5,85.5,87.5,272900.0
2025-12-02 07:00:00,86.2,87.0,86.0,86.42558568529495,138500.0
2025-12-03 07:00:00,86.8,87.8,86.6,87.6,259600.0
2025-12-04 07:00:00,88.0,88.0,87.1,88.0,349100.0
2025-12-05 07:00:00,88.0,88.0,86.5,86.5,295000.0
2025-12-08 07:00:00,86.5,86.5,85.5,87.04879558097406,431900.0
2025-12-09 07:00:00,85.6,85.6,83.3,84.9,546800.0
2025-12-10 07:00:00,84.9,84.9,83.5,84.0,173200.0
2025-12-11 07:00:00,84.0,85.5,83.4,84.4,271700.0
2025-12-12 07:00:00,84.4,85.1,82.8,82.8,407300.0
2025-12-15 07:00:00,82.8,83.5,81.8,83.0,256300.0
2025-12-16 07:00:00,83.4,83.8,82.0,83.8,254700.0
2025-12-17 07:00:00,84.0,86.4,83.8,84.8,316400.0
2025-12-18 07:00:00,84.6,84.6,83.8,83.8,126900.0
2025-12-19 07:00:00,83.4,83.8,83.3,83.7,153700.0
2025-12-22 07:00:00,83.6,84.8,83.5,84.6,139400.0
2025-12-23 07:00:00,85.2,85.2,83.5,84.0,248200.0
2025-12-24 07:00:00,84.5,84.5,83.0,83.5,188600.0
2025-12-25 07:00:00,83.5,84.0,83.0,84.0,223300.0
2025-12-26 07:00:00,83.8,84.0,82.9,84.0,309400.0
2025-12-29 07:00:00,84.0,85.2,84.0,84.7,193600.0_err
2025-12-30 07:00:00,84.0,86.0,84.0,85.3,304800.0
2025-12-31 07:00:00,85.5,85.5,84.8,85.3,297100.0
2023-12-18 07:00:00,82.02,82.02,80.52,81.09,295600.0
2025-03-10 07:00:00,117.67,118.16,116.4,117.38,381200.0
2024-06-03 07:00:00,126.63,130.17,126.35,128.16,578400.0
2024-04-05 07:00:00,126.25,129.89,125.87,126.44,443900.0
2025-03-20 07:00:00,104.68,106.44,102.54,103.51,454700.0
2022-12-06 07:00:00,47.56,49.03,45.8,46.45,562000.0
2023-02-09 07:00:00,56.61,56.61,56.05,56.14,115300.0
2023-01-05 07:00:00,48.85,49.4,48.3,49.13,143900.0
2022-05-05 07:00:00,70.1,71.88,65.5,65.5,2363000.0
2023-12-08 07:00:00,84.74,86.14,83.71,84.74,258700.0
2025-03-27 07:00:00,99.61,101.66,97.85,101.07,620200.0
2024-03-21 07:00:00,115.64,121.85,114.3,121.85,933100.0
