time,open,high,low,close,volume
2022-01-04 07:00:00,26.83,27.58,26.8,27.12,5138300
2022-01-05 07:00:00,27.12,27.71,26.83,26.83,6570000
2022-01-06 07:00:00,26.73,27.16,26.47,26.54,5635300
2022-01-07 07:00:00,26.31,26.7,26.05,26.14,6086000
2022-01-10 07:00:00,25.98,26.34,25.23,25.23,11309600
2022-01-11 07:00:00,25.82,25.82,23.86,23.86,9943500
2022-01-12 07:00:00,23.69,25.07,23.53,24.97,7979000
2022-01-13 07:00:00,25.13,25.29,23.6,23.82,5859200
2022-01-14 07:00:00,23.53,24.12,23.53,23.53,3774600
2022-01-17 07:00:00,23.53,23.66,21.9,21.9,15771000
2022-01-18 07:00:00,21.28,21.57,20.39,20.39,10178000
2022-01-19 07:00:00,21.08,21.8,20.82,21.8,5719000
2022-01-20 07:00:00,21.9,22.71,21.18,22.16,5270900
2022-01-21 07:00:00,22.12,22.12,21.47,21.5,3340700
2022-01-24 07:00:00,20.88,21.18,20.0,20.0,10824100
2022-01-25 07:00:00,19.8,20.59,19.31,20.49,4062100
2022-01-26 07:00:00,20.59,21.05,20.1,20.56,4556200
2022-01-27 07:00:00,20.39,21.83,20.29,21.24,4314900
2022-01-28 07:00:00,21.24,22.55,21.18,22.55,4715200
2022-02-07 07:00:00,22.81,23.46,22.62,23.01,4058400
2022-02-08 07:00:00,23.04,23.04,22.29,22.88,2728600
2022-02-09 07:00:00,22.88,23.82,22.71,23.53,5053900
2022-02-10 07:00:00,23.5,23.76,22.91,23.2,2717400
2022-02-11 07:00:00,23.07,23.6,22.94,23.37,3188400
2022-02-14 07:00:00,22.78,23.2,22.22,22.22,4523800
2022-02-15 07:00:00,22.55,23.07,22.06,22.97,4099300
2022-02-16 07:00:00,23.2,23.86,23.04,23.37,2751100
2022-02-17 07:00:00,23.37,23.5,23.11,23.24,2532600
2022-02-18 07:00:00,22.91,23.82,22.81,23.56,4821000
2022-02-21 07:00:00,23.73,24.84,23.69,24.54,5775200
2022-02-22 07:00:00,24.09,24.45,23.69,24.02,4542100
2022-02-23 07:00:00,24.22,24.48,24.12,24.31,2332300
2022-02-24 07:00:00,24.22,25.29,23.53,24.84,9603700
2022-02-25 07:00:00,25.16,26.47,25.03,25.52,11134100
2022-02-28 07:00:00,25.98,26.24,25.46,25.75,5989600
2022-03-01 07:00:00,25.88,26.05,25.43,25.65,6539700
2022-03-02 07:00:00,25.36,25.59,24.67,24.8,10093200
2022-03-03 07:00:00,24.94,25.13,24.54,25.1,4220200
2022-03-04 07:00:00,25.33,25.79,25.16,25.16,4592100
2022-03-07 07:00:00,24.94,25.33,24.84,24.87,6682900
2022-03-08 07:00:00,24.58,25.16,24.51,24.51,7236800
2022-03-09 07:00:00,24.64,24.74,24.02,24.02,11808600
2022-03-10 07:00:00,25.67,25.67,25.67,25.67,2000300
2022-03-11 07:00:00,27.45,27.45,26.2,26.2,32597700
2022-03-14 07:00:00,25.87,26.08,25.27,25.59,7352000
2022-03-15 07:00:00,25.71,27.04,25.59,26.28,8550700
2022-03-16 07:00:00,26.76,26.76,26.16,26.24,4868500
2022-03-17 07:00:00,26.6,26.6,25.79,25.87,6099500
2022-03-18 07:00:00,25.79,26.12,25.55,25.75,13105600
2022-03-21 07:00:00,25.83,26.04,25.55,25.79,6935100
2022-03-22 07:00:00,25.79,26.52,25.75,25.91,8155200
2022-03-23 07:00:00,25.95,26.2,25.67,25.75,6824800
2022-03-24 07:00:00,25.75,25.79,25.39,25.39,8935200
2022-03-25 07:00:00,25.23,25.63,24.99,25.07,8458900
2022-03-28 07:00:00,24.67,24.99,24.02,24.34,10102500
2022-03-29 07:00:00,24.91,25.19,24.58,24.91,5304000
2022-03-30 07:00:00,24.67,25.35,24.42,24.95,5877000
2022-03-31 07:00:00,25.07,25.19,24.42,24.58,4554400
2022-04-01 07:00:00,24.58,25.63,24.26,25.55,7846800
2022-04-04 07:00:00,26.12,27.33,26.08,27.33,28162500
2022-04-05 07:00:00,27.49,29.1,27.49,27.89,17035800
2022-04-06 07:00:00,27.41,29.02,27.41,28.61,18821500
2022-04-07 07:00:00,28.61,29.82,28.21,28.21,23236900
2022-04-08 07:00:00,28.21,29.02,27.85,28.29,17989300
2022-04-12 07:00:00,28.86,28.86,26.6,26.6,16606900
2022-04-13 07:00:00,26.68,28.45,25.63,28.45,16660500
2022-04-14 07:00:00,28.61,28.98,27.69,27.85,12340600
2022-04-15 07:00:00,27.57,28.41,27.0,27.16,12856200
2022-04-18 07:00:00,26.44,27.0,25.39,25.95,18699800
2022-04-19 07:00:00,26.04,26.64,24.18,24.18,15768700
2022-04-20 07:00:00,24.18,25.31,23.86,24.42,13758500
2022-04-21 07:00:00,24.42,26.12,24.26,26.08,14542000
2022-04-22 07:00:00,26.6,26.88,24.62,25.51,13201300
2022-04-25 07:00:00,25.51,25.91,23.74,23.74,16404800
2022-04-26 07:00:00,23.38,25.39,22.13,25.39,15523600
2022-04-27 07:00:00,24.99,25.59,24.62,25.15,7463600
2022-04-28 07:00:00,24.95,25.43,24.42,24.5,9707900
2022-04-29 07:00:00,24.3,25.31,24.22,24.99,10427700
2022-05-04 07:00:00,24.75,25.23,24.18,24.18,7952900
2022-05-05 07:00:00,24.54,24.67,23.09,23.38,10868100
2022-05-06 07:00:00,22.49,23.09,21.76,21.76,14963500
2022-05-09 07:00:00,20.8,21.28,20.27,20.27,14588800
2022-05-10 07:00:00,19.1,20.84,19.02,20.59,11674300
2022-05-11 07:00:00,20.63,20.88,20.03,20.39,4532300
2022-05-12 07:00:00,19.75,20.15,18.98,18.98,8089900
2022-05-13 07:00:00,18.94,19.1,17.69,17.69,17305000
2022-05-16 07:00:00,18.54,18.9,17.73,18.26,8471400
2022-05-17 07:00:00,18.1,19.51,17.65,19.51,8208600
2022-05-18 07:00:00,20.15,20.8,19.67,19.95,10785800
2022-05-19 07:00:00,19.35,20.47,19.26,20.31,8416700
2022-05-20 07:00:00,20.55,20.72,19.75,19.83,9335800
2022-05-23 07:00:00,19.99,20.03,18.46,18.78,10081200
2022-05-24 07:00:00,18.78,19.35,17.49,19.35,13598900
2022-05-25 07:00:00,19.35,20.31,19.26,19.99,9619600
2022-05-26 07:00:00,20.15,20.98,19.91,20.03,7946200
2022-05-27 07:00:00,20.03,20.52,19.74,20.11,8742300
2022-05-30 07:00:00,20.28,20.81,20.11,20.52,10663400
2022-05-31 07:00:00,20.57,21.14,20.24,20.77,10690200
2022-06-01 07:00:00,20.57,21.31,20.24,20.94,9031300
2022-06-02 07:00:00,20.98,21.35,20.24,20.44,10980100
2022-06-03 07:00:00,20.28,20.48,19.78,20.03,8604500
2022-06-06 07:00:00,19.95,20.57,19.7,19.83,6115400
2022-06-07 07:00:00,19.7,19.78,18.51,19.66,9660700
2022-06-08 07:00:00,20.03,20.73,19.62,20.32,8699500
2022-06-09 07:00:00,20.57,20.89,20.32,20.52,6611000
2022-06-10 07:00:00,20.24,20.48,19.74,19.74,6290000
2022-06-13 07:00:00,18.59,19.17,18.39,18.39,10702200
2022-06-14 07:00:00,17.69,18.34,17.11,17.19,10120400
2022-06-15 07:00:00,16.86,17.52,16.0,16.0,30210800
2022-06-16 07:00:00,16.41,16.45,14.89,14.93,26006500
2022-06-17 07:00:00,14.07,14.4,13.9,13.9,28721800
2022-06-20 07:00:00,14.36,14.52,12.96,12.96,29310800
2022-06-21 07:00:00,12.59,13.82,12.22,13.08,28567700
2022-06-22 07:00:00,13.61,13.98,13.49,13.98,25628400
2022-06-23 07:00:00,13.74,13.98,13.16,13.94,16572500
2022-06-24 07:00:00,13.86,14.68,13.7,14.15,26591800
2022-06-27 07:00:00,14.4,15.14,14.15,15.14,25199600
2022-06-28 07:00:00,15.14,15.55,14.89,15.05,23855900
2022-06-29 07:00:00,14.85,15.79,14.77,15.26,30989500
2022-06-30 07:00:00,15.3,15.71,14.31,14.31,32005300
2022-07-01 07:00:00,14.48,15.3,13.74,15.3,35630900
2022-07-04 07:00:00,15.67,16.21,15.51,15.79,27091500
2022-07-05 07:00:00,15.75,15.92,15.3,15.3,24649200
2022-07-06 07:00:00,14.81,15.34,14.48,14.48,29433800
2022-07-07 07:00:00,14.44,14.81,14.11,14.56,21112600
2022-07-08 07:00:00,14.85,15.3,14.81,15.1,23575000
2022-07-11 07:00:00,15.01,15.55,14.4,14.68,19432000
2022-07-12 07:00:00,14.68,15.22,14.56,15.05,20230500
2022-07-13 07:00:00,15.14,15.51,14.97,15.22,22995300
2022-07-14 07:00:00,14.97,16.04,14.89,15.88,30892100
2022-07-15 07:00:00,16.0,16.16,15.55,15.55,22697400
2022-07-18 07:00:00,15.75,15.92,15.55,15.63,19723900
2022-07-19 07:00:00,15.47,15.71,15.14,15.42,22450900
2022-07-20 07:00:00,15.75,16.16,15.63,15.79,23701000
2022-07-21 07:00:00,15.79,16.08,15.71,15.75,16010200
2022-07-22 07:00:00,15.84,15.96,15.59,15.59,15427200
2022-07-25 07:00:00,15.38,15.79,15.14,15.42,14915300
2022-07-26 07:00:00,15.55,15.59,14.97,14.97,14054700
2022-07-27 07:00:00,14.85,15.05,14.64,14.97,18073000
2022-07-28 07:00:00,15.38,15.75,15.14,15.51,17149900
2022-07-29 07:00:00,15.63,15.96,15.47,15.71,26439400
2022-08-01 07:00:00,15.84,16.78,15.79,16.78,42530300
2022-08-02 07:00:00,16.86,17.52,16.82,17.07,31411800
2022-08-03 07:00:00,16.86,17.44,16.82,17.4,26534700
2022-08-04 07:00:00,17.6,17.77,17.15,17.44,29973600
2022-08-05 07:00:00,17.28,18.39,17.19,18.1,28980600
2022-08-08 07:00:00,18.18,18.34,17.97,18.22,23484200
2022-08-09 07:00:00,18.18,18.67,17.93,18.55,21850200
2022-08-10 07:00:00,18.3,18.67,18.22,18.26,21196600
2022-08-11 07:00:00,18.51,18.84,17.81,18.06,37946100
2022-08-12 07:00:00,17.97,18.59,17.85,18.51,21203000
2022-08-15 07:00:00,18.76,18.8,18.34,18.47,14742400
2022-08-16 07:00:00,18.43,18.67,18.22,18.47,18915800
2022-08-17 07:00:00,18.59,18.71,18.18,18.3,20985900
2022-08-18 07:00:00,18.18,18.88,18.18,18.51,22191200
2022-08-19 07:00:00,18.47,18.84,18.34,18.63,15079100
2022-08-22 07:00:00,18.59,18.88,18.18,18.26,19927200
2022-08-23 07:00:00,18.1,18.71,17.85,18.71,25373000
2022-08-24 07:00:00,18.8,18.84,18.51,18.59,12780900
2022-08-25 07:00:00,18.67,19.17,18.67,18.88,20642700
2022-08-26 07:00:00,18.88,18.92,18.3,18.43,20429200
2022-08-29 07:00:00,17.97,18.26,17.19,18.26,37942300
2022-08-30 07:00:00,18.47,18.55,17.85,17.85,13185700
2022-08-31 07:00:00,17.69,18.02,17.56,17.85,11983700
2022-09-05 07:00:00,17.77,17.97,17.6,17.6,12898200
2022-09-06 07:00:00,17.81,17.89,17.56,17.6,10989800
2022-09-07 07:00:00,17.6,17.77,16.45,16.45,28135800
2022-09-08 07:00:00,16.78,16.86,16.33,16.45,14694200
2022-09-09 07:00:00,16.74,16.78,15.92,16.78,17791400
2022-09-12 07:00:00,17.11,17.15,16.49,16.54,10407100
2022-09-13 07:00:00,16.58,16.66,16.08,16.33,14810300
2022-09-14 07:00:00,15.71,16.54,15.71,16.45,22127700
2022-09-15 07:00:00,16.62,16.66,16.25,16.29,7684400
2022-09-16 07:00:00,16.21,16.29,15.63,15.63,23557600
2022-09-19 07:00:00,15.71,15.71,14.68,14.68,20706900
2022-09-20 07:00:00,14.81,15.47,14.68,15.47,16307400
2022-09-21 07:00:00,15.22,15.55,15.05,15.22,10544400
2022-09-22 07:00:00,15.01,15.71,14.97,15.63,17717300
2022-09-23 07:00:00,15.59,15.79,15.22,15.26,15980400
2022-09-26 07:00:00,14.85,15.05,14.23,14.36,28900100
2022-09-27 07:00:00,14.48,14.6,14.27,14.4,13334400
2022-09-28 07:00:00,14.4,14.97,14.31,14.64,19715300
2022-09-29 07:00:00,15.05,15.05,14.31,14.31,12162200
2022-09-30 07:00:00,14.31,14.56,13.49,14.4,21992300
2022-10-03 07:00:00,14.15,14.27,13.41,13.41,15967100
2022-10-04 07:00:00,13.74,13.82,12.67,12.67,20089800
2022-10-05 07:00:00,13.0,13.53,13.0,13.49,12876800
2022-10-06 07:00:00,13.45,13.49,12.59,12.59,14379500
2022-10-07 07:00:00,12.01,12.42,11.72,11.72,30613400
2022-10-10 07:00:00,11.43,12.22,11.06,12.05,19678300
2022-10-11 07:00:00,11.93,12.01,11.23,11.23,15411100
2022-10-12 07:00:00,11.15,11.93,10.94,11.48,25606000
2022-10-13 07:00:00,11.39,11.76,11.35,11.43,10524700
2022-10-14 07:00:00,11.85,12.22,11.68,11.93,26019100
2022-10-17 07:00:00,11.76,11.93,11.35,11.93,15969600
2022-10-18 07:00:00,12.22,12.46,12.01,12.01,20878500
2022-10-19 07:00:00,12.01,12.26,11.85,11.97,12985000
2022-10-20 07:00:00,11.93,12.01,11.56,11.64,11010800
2022-10-21 07:00:00,11.56,11.68,10.86,10.86,25276000
2022-10-24 07:00:00,10.57,10.69,10.12,10.12,11765700
2022-10-25 07:00:00,9.42,10.45,9.42,9.42,65493700
2022-10-26 07:00:00,9.54,9.87,8.76,8.76,28090600
2022-10-27 07:00:00,8.64,9.34,8.64,9.34,37105200
2022-10-28 07:00:00,9.62,9.95,9.5,9.62,24818000
2022-10-31 07:00:00,9.79,9.79,8.97,9.46,25078200
2022-11-01 07:00:00,9.62,9.75,9.25,9.71,18763400
2022-11-02 07:00:00,9.71,10.16,9.5,9.95,22057400
2022-11-03 07:00:00,9.62,9.95,9.58,9.83,17829600
2022-11-04 07:00:00,9.67,9.71,9.17,9.21,22894900
2022-11-07 07:00:00,9.21,9.3,8.6,8.6,27986600
2022-11-08 07:00:00,8.05,8.76,8.05,8.76,16698900
2022-11-09 07:00:00,8.84,9.05,8.56,8.6,8485700
2022-11-10 07:00:00,8.35,8.47,8.0,8.0,17433600
2022-11-11 07:00:00,8.23,8.39,7.95,8.06,20037800
2022-11-14 07:00:00,7.5,8.51,7.5,8.51,24429700
2022-11-15 07:00:00,8.27,8.56,7.92,8.14,20775900
2022-11-16 07:00:00,7.67,8.68,7.59,8.68,22957500
2022-11-17 07:00:00,8.88,9.25,8.8,9.13,18656400
2022-11-18 07:00:00,9.05,9.46,8.51,9.13,30237700
2022-11-21 07:00:00,9.13,9.46,9.01,9.3,17453900
2022-11-22 07:00:00,9.09,9.87,9.01,9.3,35659800
2022-11-23 07:00:00,9.21,9.42,8.72,8.72,13541100
2022-11-24 07:00:00,8.56,8.88,8.31,8.68,14875700
2022-11-25 07:00:00,8.93,9.25,8.8,9.25,23104500
2022-11-28 07:00:00,9.62,9.87,9.54,9.87,34144600
2022-11-29 07:00:00,10.2,10.53,9.91,10.53,47922700
2022-11-30 07:00:00,10.69,11.19,10.32,11.19,36162100
2022-12-01 07:00:00,11.56,11.68,10.61,10.69,46760300
2022-12-02 07:00:00,10.69,11.43,10.53,11.43,35881900
2022-12-05 07:00:00,12.18,12.22,11.85,12.22,43411600
2022-12-06 07:00:00,12.09,12.71,11.56,11.76,63588900
2022-12-07 07:00:00,11.93,12.18,11.39,11.76,38886000
2022-12-08 07:00:00,12.18,12.59,12.09,12.59,33878400
2022-12-09 07:00:00,12.87,13.0,12.55,12.75,33839700
2022-12-12 07:00:00,12.75,13.04,11.89,11.89,54105100
2022-12-13 07:00:00,11.85,12.71,11.43,12.71,45064400
2022-12-14 07:00:00,13.16,13.45,12.67,12.83,40958500
2022-12-15 07:00:00,12.67,13.12,12.5,13.08,29036700
2022-12-16 07:00:00,12.83,13.45,12.75,13.2,34025500
2022-12-19 07:00:00,13.24,13.9,12.59,12.75,46181200
2022-12-20 07:00:00,12.71,12.92,12.01,12.5,40213600
2022-12-21 07:00:00,12.75,12.79,11.64,12.05,37810900
2022-12-22 07:00:00,12.26,12.34,11.6,11.97,26054800
2022-12-23 07:00:00,11.93,11.93,11.43,11.52,20229500
2022-12-26 07:00:00,11.39,11.52,10.74,10.74,28499900
2022-12-27 07:00:00,10.69,11.48,10.69,11.48,22800600
2022-12-28 07:00:00,11.6,11.8,11.27,11.6,15800300
2022-12-29 07:00:00,11.48,11.64,11.11,11.11,13180200
2022-12-30 07:00:00,11.23,11.39,11.11,11.11,12603500
2023-01-03 07:00:00,11.15,11.85,11.15,11.85,20588600
2023-01-04 07:00:00,12.09,12.3,11.8,11.8,19515200
2023-01-05 07:00:00,11.93,12.13,11.6,12.01,16800700
2023-01-06 07:00:00,11.85,12.26,11.76,11.76,20985300
2023-01-09 07:00:00,11.97,12.05,11.76,11.85,13304800
2023-01-10 07:00:00,11.85,12.09,11.56,11.85,15185200
2023-01-11 07:00:00,12.01,12.5,11.93,12.13,23685500
2023-01-12 07:00:00,12.26,12.3,12.01,12.09,10345600
2023-01-13 07:00:00,12.26,12.59,12.09,12.26,23733700
2023-01-16 07:00:00,12.34,12.42,12.01,12.34,13384900
2023-01-17 07:00:00,12.46,13.12,12.42,13.08,26783900
2023-01-18 07:00:00,13.08,13.49,13.0,13.29,26512200
2023-01-19 07:00:00,13.16,13.86,13.12,13.78,30128900
2023-01-27 07:00:00,13.78,13.82,13.41,13.41,35127200
2023-01-30 07:00:00,13.41,13.82,13.2,13.37,25731200
2023-01-31 07:00:00,13.41,13.61,13.2,13.61,23205000
2023-02-01 07:00:00,13.74,13.78,12.67,12.67,47920200
2023-02-02 07:00:00,12.79,12.83,12.22,12.42,26600600
2023-02-03 07:00:00,12.46,12.67,12.22,12.42,14082500
2023-02-06 07:00:00,12.26,12.46,12.13,12.46,15456000
2023-02-07 07:00:00,12.59,12.67,11.76,11.8,23575700
2023-02-08 07:00:00,12.01,12.3,11.6,12.01,15731900
2023-02-09 07:00:00,12.01,12.18,11.8,11.85,8089600
2023-02-10 07:00:00,11.8,11.85,11.52,11.52,13502800
2023-02-13 07:00:00,11.35,11.48,10.78,11.06,20124000
2023-02-14 07:00:00,11.27,11.43,11.11,11.43,9967200
2023-02-15 07:00:00,11.35,11.72,11.31,11.52,17453300
2023-02-16 07:00:00,11.68,12.01,11.56,12.01,13907600
2023-02-17 07:00:00,11.97,12.09,11.76,11.89,10545500
2023-02-20 07:00:00,11.93,12.71,11.89,12.71,25156100
2023-02-21 07:00:00,12.87,12.92,12.46,12.46,18098500
2023-02-22 07:00:00,12.22,12.42,11.76,11.76,28403900
2023-02-23 07:00:00,11.76,11.93,11.19,11.93,29217300
2023-02-24 07:00:00,11.93,12.01,11.48,11.52,9346600
2023-02-27 07:00:00,11.27,11.35,10.98,11.02,18543800
2023-02-28 07:00:00,11.23,11.39,11.02,11.06,10297900
2023-03-01 07:00:00,11.02,11.72,10.86,11.72,15409400
2023-03-02 07:00:00,11.76,11.8,11.39,11.43,9490400
2023-03-03 07:00:00,11.56,11.64,11.19,11.19,12120400
2023-03-06 07:00:00,11.52,11.72,11.31,11.39,13718100
2023-03-07 07:00:00,11.52,11.8,11.43,11.68,13901900
2023-03-08 07:00:00,11.52,12.09,11.43,12.09,20439400
2023-03-09 07:00:00,12.13,12.3,12.01,12.09,17325100
2023-03-10 07:00:00,11.97,12.18,11.76,11.93,19714900
2023-03-13 07:00:00,11.76,12.18,11.76,11.93,18674200
2023-03-14 07:00:00,11.97,12.01,11.48,11.52,14937500
2023-03-15 07:00:00,12.01,12.3,11.85,12.3,29514800
2023-03-16 07:00:00,12.26,12.42,12.13,12.18,25318300
2023-03-17 07:00:00,12.46,12.46,12.09,12.34,20471500
2023-03-20 07:00:00,12.22,12.34,11.8,11.8,20870000
2023-03-21 07:00:00,12.01,12.18,11.72,12.18,17543200
2023-03-22 07:00:00,12.26,12.42,12.13,12.18,16260400
2023-03-23 07:00:00,12.05,12.55,12.01,12.46,22031400
2023-03-24 07:00:00,12.59,12.79,12.5,12.59,27496800
2023-03-27 07:00:00,12.63,13.0,12.5,12.71,20668100
2023-03-28 07:00:00,12.83,12.87,12.55,12.55,18529200
2023-03-29 07:00:00,12.55,12.75,12.46,12.67,15980400
2023-03-30 07:00:00,12.92,12.96,12.5,12.55,23377300
2023-03-31 07:00:00,12.55,12.83,12.42,12.75,29053700
2023-04-03 07:00:00,13.12,13.16,12.92,13.08,34678300
2023-04-04 07:00:00,13.08,13.49,12.92,13.33,40434300
2023-04-05 07:00:00,13.24,13.41,13.12,13.33,18892900
2023-04-06 07:00:00,13.41,13.57,12.87,12.87,35820700
2023-04-07 07:00:00,12.87,13.08,12.79,13.0,26883400
2023-04-10 07:00:00,13.24,13.53,13.0,13.08,35573500
2023-04-11 07:00:00,13.08,13.16,12.79,13.08,26661900
2023-04-12 07:00:00,13.08,13.16,12.83,12.83,19421900
2023-04-13 07:00:00,12.87,12.96,12.42,12.5,30565600
2023-04-14 07:00:00,12.59,12.67,12.22,12.22,28529800
2023-04-17 07:00:00,12.22,12.38,12.09,12.26,10500300
2023-04-18 07:00:00,12.34,12.59,12.26,12.5,16179000
2023-04-19 07:00:00,12.59,12.63,12.22,12.26,13742300
2023-04-20 07:00:00,12.26,12.3,12.18,12.22,7249300
2023-04-21 07:00:00,12.22,12.63,12.18,12.38,18468100
2023-04-24 07:00:00,12.38,12.46,12.13,12.3,8925000
2023-04-25 07:00:00,12.3,12.42,11.97,12.01,13472000
2023-04-26 07:00:00,12.01,12.13,11.8,12.05,12598100
2023-04-27 07:00:00,12.13,12.22,11.93,11.97,10856100
2023-04-28 07:00:00,12.09,12.26,12.01,12.26,13109300
2023-05-04 07:00:00,12.13,12.46,12.13,12.34,12567800
2023-05-05 07:00:00,12.26,12.38,12.13,12.13,8591900
2023-05-08 07:00:00,12.22,12.46,12.22,12.46,15765300
2023-05-09 07:00:00,12.46,12.5,12.34,12.38,8647700
2023-05-10 07:00:00,12.46,12.67,12.46,12.59,18786700
2023-05-11 07:00:00,12.67,13.0,12.63,12.79,23964800
2023-05-12 07:00:00,12.79,13.04,12.67,13.04,22650200
2023-05-15 07:00:00,13.16,13.24,12.75,12.75,20907000
2023-05-16 07:00:00,12.75,13.0,12.71,12.83,14621400
2023-05-17 07:00:00,12.79,12.92,12.55,12.55,15604600
2023-05-18 07:00:00,12.63,13.0,12.55,12.75,19185400
2023-05-19 07:00:00,12.83,13.37,12.75,13.24,72103900
2023-05-22 07:00:00,13.37,13.57,13.24,13.33,24462400
2023-05-23 07:00:00,13.41,13.74,13.33,13.53,46123000
2023-05-24 07:00:00,13.74,13.74,13.24,13.24,38542400
2023-05-25 07:00:00,13.16,13.29,13.0,13.04,26764400
2023-05-26 07:00:00,13.12,13.33,13.04,13.12,17484300
2023-05-29 07:00:00,13.33,14.03,13.29,14.03,44832300
2023-05-30 07:00:00,14.19,14.36,14.03,14.31,40638900
2023-05-31 07:00:00,14.31,14.68,14.19,14.4,38028200
2023-06-01 07:00:00,14.4,15.05,14.23,14.97,36679200
2023-06-02 07:00:00,15.1,15.34,14.89,15.05,29896200
2023-06-05 07:00:00,15.3,15.3,14.77,14.85,38173900
2023-06-06 07:00:00,14.85,15.88,14.77,15.88,52221900
2023-06-07 07:00:00,16.0,16.0,15.63,15.84,28297100
2023-06-08 07:00:00,15.79,16.04,14.89,14.89,66280900
2023-06-09 07:00:00,15.05,15.63,14.89,15.59,43027600
2023-06-12 07:00:00,15.63,15.67,15.1,15.51,24092800
2023-06-13 07:00:00,15.59,15.67,15.3,15.34,25972900
2023-06-14 07:00:00,15.47,15.75,15.34,15.38,38785500
2023-06-15 07:00:00,15.38,15.71,15.34,15.71,34126000
2023-06-16 07:00:00,15.96,16.78,15.92,15.96,69373800
2023-06-19 07:00:00,16.12,16.25,15.79,15.79,28655600
2023-06-20 07:00:00,15.79,16.12,15.51,16.12,29629400
2023-06-21 07:00:00,16.16,16.41,16.04,16.25,28166700
2023-06-22 07:00:00,16.33,16.45,16.04,16.16,27516000
2023-06-23 07:00:00,16.16,16.37,15.96,16.21,30938600
2023-06-26 07:00:00,16.16,16.21,15.55,15.92,33576600
2023-06-27 07:00:00,16.0,16.21,15.88,16.16,16762000
2023-06-28 07:00:00,16.37,16.54,16.08,16.08,28426500
2023-06-29 07:00:00,16.08,16.12,15.47,15.47,29421100
2023-06-30 07:00:00,15.47,15.75,15.38,15.55,18360900
2023-07-03 07:00:00,15.71,15.75,15.47,15.51,10496700
2023-07-04 07:00:00,15.47,16.12,15.47,16.12,28225000
2023-07-05 07:00:00,16.21,16.29,15.88,15.88,20031400
2023-07-06 07:00:00,15.84,16.08,14.77,14.85,105878000
2023-07-07 07:00:00,14.64,14.77,13.94,14.56,49832700
2023-07-10 07:00:00,14.56,15.01,14.44,14.6,39486900
2023-07-11 07:00:00,14.56,14.89,14.48,14.73,32380300
2023-07-12 07:00:00,14.81,14.85,14.36,14.48,30794100
2023-07-13 07:00:00,14.64,14.89,14.52,14.77,25381100
2023-07-14 07:00:00,14.89,15.3,14.81,15.22,43607100
2023-07-17 07:00:00,15.38,15.38,14.97,15.05,21385200
2023-07-18 07:00:00,15.05,15.26,14.89,15.14,17152800
2023-07-19 07:00:00,15.26,15.26,14.89,14.89,18241200
2023-07-20 07:00:00,14.93,14.97,14.73,14.93,14067000
2023-07-21 07:00:00,15.05,15.59,14.97,15.47,41503400
2023-07-24 07:00:00,15.71,15.79,15.51,15.67,27174400
2023-07-25 07:00:00,15.84,15.84,15.42,15.55,25340100
2023-07-26 07:00:00,15.59,16.04,15.3,15.88,35822000
2023-07-27 07:00:00,15.96,16.21,15.75,15.96,30810700
2023-07-28 07:00:00,16.0,16.78,16.0,16.7,55127200
2023-07-31 07:00:00,16.91,17.28,16.58,17.11,35281500
2023-08-01 07:00:00,17.11,17.15,16.45,16.45,39027900
2023-08-02 07:00:00,16.45,16.86,16.37,16.62,29558400
2023-08-03 07:00:00,16.45,16.78,16.21,16.29,47190400
2023-08-04 07:00:00,16.45,16.99,16.29,16.95,26520700
2023-08-07 07:00:00,17.07,17.44,16.91,16.91,31062700
2023-08-08 07:00:00,17.03,17.07,16.49,16.54,34357400
2023-08-09 07:00:00,16.54,16.78,16.37,16.45,23282400
2023-08-10 07:00:00,16.49,16.7,16.37,16.54,19454500
2023-08-11 07:00:00,16.62,16.7,16.25,16.49,24692600
2023-08-14 07:00:00,16.78,17.65,16.7,17.6,58772200
2023-08-15 07:00:00,17.65,17.69,17.32,17.36,24631000
2023-08-16 07:00:00,17.28,17.52,17.11,17.52,26656900
2023-08-17 07:00:00,17.77,18.26,17.69,17.69,44622600
2023-08-18 07:00:00,17.48,17.77,16.45,16.45,59562700
2023-08-21 07:00:00,16.82,17.11,16.29,16.82,33874100
2023-08-22 07:00:00,16.86,17.32,16.08,17.28,42746200
2023-08-23 07:00:00,17.52,17.52,16.91,16.91,22115400
2023-08-24 07:00:00,17.03,17.52,16.86,17.52,29763700
2023-08-25 07:00:00,17.56,18.26,17.4,17.97,50310900
2023-08-28 07:00:00,18.1,18.43,18.02,18.26,24772000
2023-08-29 07:00:00,18.43,18.76,18.1,18.43,39291500
2023-08-30 07:00:00,18.51,19.33,18.3,19.33,34463800
2023-08-31 07:00:00,19.37,19.58,19.17,19.33,22510400
2023-09-05 07:00:00,19.5,19.62,19.17,19.33,28257300
2023-09-06 07:00:00,19.33,20.11,19.09,19.74,26247600
2023-09-07 07:00:00,19.91,19.95,19.5,19.58,21155800
2023-09-08 07:00:00,19.41,19.83,19.37,19.46,21522800
2023-09-11 07:00:00,19.58,19.91,19.25,19.25,36118900
2023-09-12 07:00:00,19.25,20.57,19.21,20.57,35217500
2023-09-13 07:00:00,20.69,20.77,20.11,20.15,33593700
2023-09-14 07:00:00,20.15,20.32,19.74,19.87,33324500
2023-09-15 07:00:00,19.99,20.15,19.58,19.74,21080500
2023-09-18 07:00:00,19.7,20.36,19.54,20.2,29090800
2023-09-19 07:00:00,20.44,20.48,19.83,20.36,20807300
2023-09-20 07:00:00,20.4,21.06,20.32,20.77,25563500
2023-09-21 07:00:00,20.73,20.81,19.91,19.91,36158000
2023-09-22 07:00:00,19.17,19.5,18.55,18.55,56054300
2023-09-25 07:00:00,18.43,18.67,17.28,17.28,38976200
2023-09-26 07:00:00,17.28,18.18,16.99,16.99,40831100
2023-09-27 07:00:00,17.28,17.97,16.74,17.97,25993600
2023-09-28 07:00:00,17.85,17.93,17.15,17.32,26177400
2023-09-29 07:00:00,17.52,17.73,17.11,17.28,17393000
2023-10-02 07:00:00,17.28,17.69,17.28,17.36,12289000
2023-10-03 07:00:00,17.15,17.15,16.16,16.16,41976600
2023-10-04 07:00:00,15.63,17.19,15.63,16.74,31617000
2023-10-05 07:00:00,16.95,16.99,16.08,16.08,18537600
2023-10-06 07:00:00,16.12,17.19,16.0,17.19,34766100
2023-10-09 07:00:00,17.19,17.97,17.11,17.77,22737700
2023-10-10 07:00:00,18.06,18.06,17.56,17.6,25676900
2023-10-11 07:00:00,17.69,18.26,17.56,18.26,22409200
2023-10-12 07:00:00,18.34,18.51,18.02,18.14,24575400
2023-10-13 07:00:00,17.93,18.26,17.65,18.1,22594900
2023-10-16 07:00:00,18.1,18.1,17.19,17.23,27909300
2023-10-17 07:00:00,17.36,17.69,16.45,16.45,18442000
2023-10-18 07:00:00,16.7,17.07,15.63,16.58,29535800
2023-10-19 07:00:00,16.54,16.78,15.67,15.75,23335900
2023-10-20 07:00:00,15.75,16.45,15.1,16.41,27263700
2023-10-23 07:00:00,16.41,16.62,15.92,15.96,16009900
2023-10-24 07:00:00,16.12,16.37,15.84,16.25,12963700
2023-10-25 07:00:00,16.29,16.66,16.16,16.16,14192000
2023-10-26 07:00:00,15.63,15.96,15.05,15.05,48718000
2023-10-27 07:00:00,15.3,15.42,14.6,15.22,21603800
2023-10-30 07:00:00,14.97,15.18,14.23,14.23,12758100
2023-10-31 07:00:00,14.23,14.56,13.41,13.41,27709100
2023-11-01 07:00:00,13.57,14.27,13.45,14.27,24334100
2023-11-02 07:00:00,14.56,15.26,14.48,15.26,24913900
2023-11-03 07:00:00,15.3,15.47,15.01,15.22,21181000
2023-11-06 07:00:00,15.51,15.51,15.18,15.38,13111800
2023-11-07 07:00:00,15.22,15.67,14.97,15.05,20225000
2023-11-08 07:00:00,15.05,16.08,15.05,16.08,27165400
2023-11-09 07:00:00,16.29,17.11,16.16,16.49,32280400
2023-11-10 07:00:00,16.29,16.99,16.25,16.49,28864300
2023-11-13 07:00:00,16.62,16.78,16.16,16.62,19402800
2023-11-14 07:00:00,16.86,17.11,16.62,16.78,22278700
2023-11-15 07:00:00,17.36,17.52,16.86,16.86,23071100
2023-11-16 07:00:00,16.86,17.28,16.7,17.28,17281200
2023-11-17 07:00:00,17.36,17.48,16.45,16.66,29459200
2023-11-20 07:00:00,16.12,17.44,16.12,17.44,38209700
2023-11-21 07:00:00,17.69,18.02,17.56,17.85,33695400
2023-11-22 07:00:00,17.89,18.06,17.69,18.02,31408600
2023-11-23 07:00:00,18.1,18.39,16.95,16.95,45917300
2023-11-24 07:00:00,17.23,17.52,16.62,17.52,31430700
2023-11-27 07:00:00,17.52,17.6,16.95,16.95,18357800
2023-11-28 07:00:00,16.95,17.15,16.37,17.11,26424900
2023-11-29 07:00:00,17.11,17.44,17.11,17.32,17480500
2023-11-30 07:00:00,17.36,17.65,17.23,17.23,28329400
2023-12-01 07:00:00,17.44,17.65,17.11,17.56,19087200
2023-12-04 07:00:00,17.93,18.76,17.85,18.67,56542100
2023-12-05 07:00:00,18.67,18.76,18.47,18.55,27413600
2023-12-06 07:00:00,18.55,18.88,18.47,18.71,30761300
2023-12-07 07:00:00,18.76,18.84,17.69,18.1,67392300
2023-12-08 07:00:00,18.1,18.26,17.77,17.85,20885500
2023-12-11 07:00:00,17.85,18.14,17.6,18.06,24142900
2023-12-12 07:00:00,18.1,18.34,18.1,18.14,16260700
2023-12-13 07:00:00,18.3,18.39,17.69,17.77,21677300
2023-12-14 07:00:00,18.06,18.06,17.6,17.65,17892600
2023-12-15 07:00:00,17.65,18.26,17.56,17.93,37990600
2023-12-18 07:00:00,18.02,18.02,17.73,17.73,12216300
2023-12-19 07:00:00,17.73,17.93,17.44,17.93,18447000
2023-12-20 07:00:00,17.97,18.26,17.85,18.06,14219000
2023-12-21 07:00:00,17.89,18.06,17.85,17.89,11953800
2023-12-22 07:00:00,17.93,18.22,17.69,17.69,19702700
2023-12-25 07:00:00,17.69,18.02,17.65,17.85,12925900
2023-12-26 07:00:00,17.89,18.06,17.85,17.97,18504700
2023-12-27 07:00:00,18.1,18.47,18.06,18.1,21417400
2023-12-28 07:00:00,18.1,18.39,18.06,18.22,16509200
2023-12-29 07:00:00,18.26,18.39,18.18,18.3,18543400
2024-01-02 07:00:00,18.47,18.63,18.18,18.22,27966500
2024-01-03 07:00:00,18.22,18.39,18.02,18.39,16599300
2024-01-04 07:00:00,18.47,18.88,18.34,18.34,44987600
2024-01-05 07:00:00,18.39,18.47,18.1,18.34,23795100
2024-01-08 07:00:00,18.43,18.63,18.26,18.3,21887400
2024-01-09 07:00:00,18.34,18.43,18.18,18.22,19376100
2024-01-10 07:00:00,18.22,18.26,17.85,17.89,28674500
2024-01-11 07:00:00,17.89,18.26,17.89,18.06,15966600
2024-01-12 07:00:00,17.89,18.1,17.69,17.93,20644300
2024-01-15 07:00:00,17.97,18.1,17.69,17.69,9194200
2024-01-16 07:00:00,17.65,17.93,17.6,17.93,9709400
2024-01-17 07:00:00,17.93,18.51,17.85,18.06,22714600
2024-01-18 07:00:00,18.02,18.22,17.97,18.02,10527900
2024-01-19 07:00:00,18.22,18.22,17.85,17.85,13259100
2024-01-22 07:00:00,18.22,18.34,17.93,18.06,20098000
2024-01-23 07:00:00,18.1,18.3,18.02,18.02,15878200
2024-01-24 07:00:00,18.06,18.34,18.06,18.14,21129100
2024-01-25 07:00:00,18.14,18.22,18.02,18.02,8547500
2024-01-26 07:00:00,18.06,18.22,17.97,18.06,10731400
2024-01-29 07:00:00,18.1,18.14,17.93,17.93,8998000
2024-01-30 07:00:00,17.93,18.02,17.85,17.97,8217100
2024-01-31 07:00:00,18.06,18.39,17.93,17.93,28596500
2024-02-01 07:00:00,17.93,18.06,17.85,17.89,12812200
2024-02-02 07:00:00,17.93,18.18,17.93,17.93,16227800
2024-02-05 07:00:00,18.06,18.39,17.93,18.26,21628400
2024-02-06 07:00:00,18.34,18.51,18.18,18.18,19014700
2024-02-07 07:00:00,18.22,19.04,18.22,18.92,46163900
2024-02-15 07:00:00,19.17,19.17,18.84,18.92,22740700
2024-02-16 07:00:00,19.09,19.33,18.92,19.09,32052200
2024-02-19 07:00:00,19.17,19.25,18.59,18.88,41592100
2024-02-20 07:00:00,19.09,19.29,18.92,18.92,22420200
2024-02-21 07:00:00,18.92,18.96,18.51,18.59,38583100
2024-02-22 07:00:00,18.59,18.71,18.51,18.51,17096900
2024-02-23 07:00:00,18.55,18.71,18.02,18.14,34406300
2024-02-26 07:00:00,18.14,18.76,18.1,18.63,26644300
2024-02-27 07:00:00,18.76,19.0,18.63,18.76,21776300
2024-02-28 07:00:00,18.92,18.92,18.51,18.59,21505800
2024-02-29 07:00:00,18.71,19.09,18.59,18.63,31113000
2024-03-01 07:00:00,18.84,19.29,18.8,19.09,42616000
2024-03-04 07:00:00,19.41,19.46,19.13,19.29,32205900
2024-03-05 07:00:00,19.29,19.37,19.0,19.33,28953600
2024-03-06 07:00:00,19.25,19.41,18.84,18.92,31767600
2024-03-07 07:00:00,18.92,19.41,18.8,19.33,39331800
2024-03-08 07:00:00,19.5,19.99,19.33,19.33,65502400
2024-03-11 07:00:00,19.33,19.46,18.76,18.84,32296200
2024-03-12 07:00:00,18.76,18.88,18.55,18.59,32716900
2024-03-13 07:00:00,18.67,19.41,18.55,19.37,35096500
2024-03-14 07:00:00,19.54,19.87,19.09,19.17,40168500
2024-03-15 07:00:00,19.17,19.46,19.0,19.37,33212700
2024-03-18 07:00:00,19.58,19.66,18.26,19.09,50773100
2024-03-19 07:00:00,19.21,19.25,18.67,18.96,19126400
2024-03-20 07:00:00,18.92,19.29,18.71,19.25,22107700
2024-03-21 07:00:00,19.7,20.15,19.62,19.95,62510300
2024-03-22 07:00:00,20.07,20.28,19.78,19.99,37123800
2024-03-25 07:00:00,19.83,20.44,19.37,19.7,86275500
2024-03-26 07:00:00,18.96,19.33,18.71,19.29,81881300
2024-03-27 07:00:00,19.54,19.58,19.09,19.17,37024300
2024-03-28 07:00:00,19.25,19.5,18.84,19.09,43877300
2024-03-29 07:00:00,19.09,19.13,18.8,18.88,33700500
2024-04-01 07:00:00,18.88,19.17,18.67,18.84,28701400
2024-04-02 07:00:00,18.84,19.0,18.55,19.0,28043100
2024-04-03 07:00:00,19.04,19.17,18.67,18.76,24360100
2024-04-04 07:00:00,18.71,18.8,18.47,18.51,20646500
2024-04-05 07:00:00,18.26,18.34,18.14,18.14,24585600
2024-04-08 07:00:00,18.14,18.26,17.81,17.81,20275700
2024-04-09 07:00:00,17.81,18.34,17.77,18.3,16380500
2024-04-10 07:00:00,18.39,18.39,18.1,18.1,9364800
2024-04-11 07:00:00,17.85,18.06,17.77,17.93,10523100
2024-04-12 07:00:00,18.1,18.26,17.93,18.06,11081900
2024-04-15 07:00:00,18.06,18.26,16.82,16.82,23730100
2024-04-16 07:00:00,16.7,16.86,15.84,16.54,27497700
2024-04-17 07:00:00,16.54,16.66,15.92,15.92,12319000
2024-04-19 07:00:00,15.63,16.29,15.05,15.55,22132200
2024-04-22 07:00:00,16.29,16.62,16.0,16.62,21915300
2024-04-23 07:00:00,16.78,16.86,16.12,16.21,13774700
2024-04-24 07:00:00,16.54,17.28,16.45,17.19,17031900
2024-04-25 07:00:00,17.11,17.44,17.03,17.28,12909300
2024-04-26 07:00:00,16.91,17.19,16.86,16.99,10116500
2024-05-02 07:00:00,16.99,17.03,16.58,16.7,7806400
2024-05-03 07:00:00,16.99,16.99,16.7,16.7,6352800
2024-05-06 07:00:00,16.86,17.44,16.82,17.36,12771800
2024-05-07 07:00:00,17.4,17.44,17.11,17.23,7423000
2024-05-08 07:00:00,17.11,17.32,16.82,17.19,9642300
2024-05-09 07:00:00,17.23,17.36,16.95,16.95,7297600
2024-05-10 07:00:00,17.03,17.11,16.86,17.11,6259300
2024-05-13 07:00:00,17.23,17.28,16.99,17.11,5962600
2024-05-14 07:00:00,17.11,17.23,17.03,17.03,5254700
2024-05-15 07:00:00,17.07,17.44,17.03,17.28,11374600
2024-05-16 07:00:00,17.48,17.56,17.28,17.32,9444000
2024-05-17 07:00:00,17.36,18.1,17.32,18.02,21702600
2024-05-20 07:00:00,18.22,18.39,17.85,17.85,14364700
2024-05-21 07:00:00,17.77,18.02,17.48,17.65,16839700
2024-05-22 07:00:00,17.69,18.02,17.52,17.52,18722100
2024-05-23 07:00:00,17.44,17.56,16.45,16.95,37899500
2024-05-24 07:00:00,16.86,16.91,16.33,16.49,29925500
2024-05-27 07:00:00,16.54,16.78,16.49,16.66,9660600
2024-05-28 07:00:00,16.66,16.86,16.62,16.78,24787900
2024-05-29 07:00:00,17.39,17.58,16.97,17.06,22950500
2024-05-30 07:00:00,16.88,17.06,16.55,16.73,18536400
2024-05-31 07:00:00,16.88,16.88,16.69,16.69,6842700
2024-06-03 07:00:00,17.11,17.25,16.97,17.02,11846100
2024-06-04 07:00:00,17.11,17.25,16.88,16.88,12211000
2024-06-05 07:00:00,16.88,17.11,16.88,16.97,8694400
2024-06-06 07:00:00,16.97,17.16,16.83,16.83,9691800
2024-06-07 07:00:00,16.88,16.97,16.73,16.78,6884500
2024-06-10 07:00:00,16.88,16.97,16.73,16.73,11055100
2024-06-11 07:00:00,16.88,16.88,16.55,16.64,9661400
2024-06-12 07:00:00,16.64,17.02,16.64,16.92,10584400
2024-06-13 07:00:00,17.02,17.11,16.88,17.02,13050300
2024-06-14 07:00:00,17.06,17.16,16.73,16.73,16531300
2024-06-17 07:00:00,16.73,16.78,16.41,16.41,13453700
2024-06-18 07:00:00,16.41,16.59,16.13,16.13,17359800
2024-06-19 07:00:00,16.13,16.27,15.8,15.84,17803600
2024-06-20 07:00:00,15.84,16.03,15.52,15.66,11980400
2024-06-21 07:00:00,15.66,15.75,15.19,15.19,20131500
2024-06-24 07:00:00,15.19,15.75,15.14,15.33,20647500
2024-06-25 07:00:00,15.33,15.56,15.28,15.38,9909800
2024-06-26 07:00:00,15.47,15.94,15.47,15.66,13063800
2024-06-27 07:00:00,15.7,15.75,15.33,15.38,7730700
2024-06-28 07:00:00,15.47,15.47,15.05,15.05,10535000
2024-07-01 07:00:00,15.14,15.23,14.91,15.09,10123400
2024-07-02 07:00:00,15.09,15.42,15.09,15.19,9419800
2024-07-03 07:00:00,15.28,15.33,15.14,15.19,9484000
2024-07-04 07:00:00,15.23,15.89,15.19,15.56,17855600
2024-07-05 07:00:00,15.56,15.7,15.47,15.56,7011300
2024-07-08 07:00:00,15.84,15.84,15.33,15.33,8755100
2024-07-09 07:00:00,15.33,15.56,15.28,15.52,8510500
2024-07-10 07:00:00,15.47,15.56,15.23,15.28,8978500
2024-07-11 07:00:00,15.38,15.56,15.38,15.52,8229600
2024-07-12 07:00:00,15.52,15.66,15.38,15.42,7250900
2024-07-15 07:00:00,15.42,15.52,15.19,15.19,10314900
2024-07-16 07:00:00,15.19,15.33,14.86,14.95,15032200
2024-07-17 07:00:00,15.05,15.14,14.34,14.44,14014000
2024-07-18 07:00:00,14.48,14.67,14.06,14.53,13106100
2024-07-19 07:00:00,14.67,15.14,14.53,14.91,13927500
2024-07-22 07:00:00,14.91,15.05,14.58,15.0,12742800
2024-07-23 07:00:00,15.09,15.09,14.58,14.72,6442700
2024-07-24 07:00:00,14.72,14.95,14.16,14.86,12284000
2024-07-25 07:00:00,14.63,14.91,14.48,14.72,5642400
2024-07-26 07:00:00,14.77,14.91,14.67,14.77,4694100
2024-07-29 07:00:00,14.86,15.0,14.67,14.67,6167500
2024-07-30 07:00:00,14.67,14.81,14.48,14.53,5425700
2024-07-31 07:00:00,14.67,14.77,14.53,14.58,4926800
2024-08-01 07:00:00,14.63,14.67,14.06,14.06,10959000
2024-08-02 07:00:00,13.97,14.39,13.64,14.3,9399600
2024-08-05 07:00:00,13.92,14.06,13.31,13.31,16443600
2024-08-06 07:00:00,13.59,13.88,13.31,13.83,8581300
2024-08-07 07:00:00,13.88,13.88,13.55,13.73,4698300
2024-08-08 07:00:00,13.69,14.25,13.59,13.78,10432400
2024-08-09 07:00:00,14.06,14.25,13.92,14.2,10154500
2024-08-12 07:00:00,14.2,14.34,14.06,14.11,6023100
2024-08-13 07:00:00,14.16,14.2,13.59,13.78,12786400
2024-08-14 07:00:00,13.88,13.88,13.55,13.55,7845600
2024-08-15 07:00:00,13.59,13.64,13.36,13.36,5183100
2024-08-16 07:00:00,13.45,14.2,13.45,14.06,18120600
2024-08-19 07:00:00,14.16,14.34,14.02,14.02,9101700
2024-08-20 07:00:00,13.97,14.63,13.97,14.58,22247800
2024-08-21 07:00:00,14.63,14.77,14.48,14.58,10622600
2024-08-22 07:00:00,14.63,14.95,14.53,14.63,15267000
2024-08-23 07:00:00,14.77,14.81,14.44,14.63,12163100
2024-08-26 07:00:00,14.77,15.0,14.67,14.72,17108000
2024-08-27 07:00:00,14.67,14.77,14.44,14.48,10330700
2024-08-28 07:00:00,14.58,14.63,14.3,14.44,9015900
2024-08-29 07:00:00,14.58,14.86,14.58,14.63,10043800
2024-08-30 07:00:00,14.77,14.77,14.53,14.53,6635800
2024-09-04 07:00:00,14.34,14.44,14.11,14.3,11725300
2024-09-05 07:00:00,14.3,14.53,14.2,14.3,8236400
2024-09-06 07:00:00,14.3,14.44,14.2,14.25,9007900
2024-09-09 07:00:00,14.25,14.39,14.16,14.25,7166800
2024-09-10 07:00:00,14.44,14.49,14.01,14.06,10110600
2024-09-11 07:00:00,14.01,14.11,13.72,13.86,7898400
2024-09-12 07:00:00,14.01,14.06,13.86,13.86,3584900
2024-09-13 07:00:00,13.86,14.06,13.81,13.86,4953900
2024-09-16 07:00:00,13.86,13.96,13.67,13.67,9565300
2024-09-17 07:00:00,13.67,14.11,13.67,14.11,6359800
2024-09-18 07:00:00,14.15,14.44,14.11,14.25,11496600
2024-09-19 07:00:00,14.35,14.4,14.15,14.15,9420500
2024-09-20 07:00:00,14.3,14.74,14.3,14.54,20360600
2024-09-23 07:00:00,14.54,14.64,14.35,14.4,8600700
2024-09-24 07:00:00,14.35,14.4,14.2,14.35,10378000
2024-09-25 07:00:00,14.44,14.69,14.4,14.59,19317900
2024-09-26 07:00:00,14.69,14.83,14.59,14.59,13846700
2024-09-27 07:00:00,14.69,15.07,14.64,14.74,24214700
2024-09-30 07:00:00,14.74,14.98,14.69,14.78,14278500
2024-10-01 07:00:00,14.83,15.22,14.83,14.98,25688100
2024-10-02 07:00:00,14.88,14.93,14.64,14.64,15709100
2024-10-03 07:00:00,14.69,14.83,14.35,14.35,19579200
2024-10-04 07:00:00,14.35,14.49,14.2,14.2,14280700
2024-10-07 07:00:00,14.35,14.64,14.3,14.49,10629800
2024-10-08 07:00:00,14.49,14.69,14.35,14.4,8764400
2024-10-09 07:00:00,14.44,14.88,14.4,14.74,16764800
2024-10-10 07:00:00,14.83,14.98,14.64,14.64,12853900
2024-10-11 07:00:00,14.69,14.88,14.64,14.74,9323100
2024-10-14 07:00:00,14.88,14.98,14.64,14.69,14025900
2024-10-15 07:00:00,14.69,14.83,14.35,14.35,19086700
2024-10-16 07:00:00,14.35,14.49,14.15,14.2,14089800
2024-10-17 07:00:00,14.25,14.44,14.15,14.44,7669800
2024-10-18 07:00:00,14.49,14.59,14.4,14.4,7743600
2024-10-21 07:00:00,14.3,14.54,14.2,14.25,12610700
2024-10-22 07:00:00,14.2,14.35,14.15,14.2,10220400
2024-10-23 07:00:00,14.25,14.3,14.11,14.15,10995500
2024-10-24 07:00:00,14.15,14.2,13.86,13.86,13212900
2024-10-25 07:00:00,13.96,14.06,13.86,13.86,5680600
2024-10-28 07:00:00,13.86,14.2,13.86,14.15,8701200
2024-10-29 07:00:00,14.25,14.35,14.15,14.25,5912400
2024-10-30 07:00:00,14.25,14.3,14.01,14.06,5304300
2024-10-31 07:00:00,14.11,14.2,14.01,14.11,4969700
2024-11-01 07:00:00,14.01,14.06,13.91,13.91,6139800
2024-11-04 07:00:00,14.01,14.06,13.77,13.86,7954000
2024-11-05 07:00:00,13.91,13.96,13.86,13.91,4067400
2024-11-06 07:00:00,14.01,14.25,13.96,14.25,7416900
2024-11-07 07:00:00,14.3,14.4,14.25,14.25,6869600
2024-11-08 07:00:00,14.3,14.44,14.2,14.35,11157200
2024-11-11 07:00:00,14.3,14.35,14.01,14.06,8410500
2024-11-12 07:00:00,14.15,14.25,13.91,13.96,7874600
2024-11-13 07:00:00,13.86,14.01,13.77,13.91,8900800
2024-11-14 07:00:00,13.86,13.91,13.57,13.57,7889000
2024-11-15 07:00:00,13.47,13.67,13.28,13.28,10831400
2024-11-18 07:00:00,13.28,13.57,13.18,13.43,7235800
2024-11-19 07:00:00,13.47,13.52,13.28,13.28,3985400
2024-11-20 07:00:00,13.28,13.67,13.18,13.38,7130600
2024-11-21 07:00:00,13.43,13.52,13.38,13.47,2400400
2024-11-22 07:00:00,13.47,13.57,13.28,13.28,5629500
2024-11-25 07:00:00,13.33,13.47,13.28,13.47,4974000
2024-11-26 07:00:00,13.47,13.72,13.43,13.62,5414500
2024-11-27 07:00:00,13.67,13.67,13.43,13.47,3637500
2024-11-28 07:00:00,13.57,13.62,13.43,13.47,4019000
2024-11-29 07:00:00,13.52,13.52,13.33,13.33,5479800
2024-12-02 07:00:00,13.47,13.47,13.38,13.43,4428300
2024-12-03 07:00:00,13.43,13.47,13.28,13.33,4665100
2024-12-04 07:00:00,13.33,13.33,12.8,12.84,20477800
2024-12-05 07:00:00,12.84,13.47,12.12,13.43,32342600
2024-12-06 07:00:00,13.47,13.52,13.04,13.14,9639600
2024-12-09 07:00:00,13.14,13.18,12.99,13.04,10776000
2024-12-10 07:00:00,13.04,13.09,12.89,12.99,7712400
2024-12-11 07:00:00,12.94,13.04,12.8,12.8,7146500
2024-12-12 07:00:00,12.8,12.99,12.8,12.84,5446800
2024-12-13 07:00:00,12.84,12.89,12.7,12.75,6202400
2024-12-16 07:00:00,12.65,12.84,12.65,12.7,6010800
2024-12-17 07:00:00,12.75,12.84,12.65,12.7,3515500
2024-12-18 07:00:00,12.75,12.8,12.7,12.75,4503700
2024-12-19 07:00:00,12.6,12.65,12.46,12.55,9953200
2024-12-20 07:00:00,12.6,12.65,12.31,12.31,8038000
2024-12-23 07:00:00,12.36,12.55,12.36,12.41,5025800
2024-12-24 07:00:00,12.41,12.46,12.26,12.36,5390600
2024-12-25 07:00:00,12.41,12.8,12.41,12.6,8980500
2024-12-26 07:00:00,12.7,12.75,12.51,12.55,4825300
2024-12-27 07:00:00,12.55,12.6,12.41,12.46,5232900
2024-12-30 07:00:00,12.41,12.55,12.36,12.36,3764600
2024-12-31 07:00:00,12.41,12.41,12.21,12.21,7658400
2025-01-02 07:00:00,12.21,12.36,12.21,12.21,4933700
2025-01-03 07:00:00,12.21,12.26,11.92,11.97,9768200
2025-01-06 07:00:00,11.92,12.02,11.58,11.58,8706200
2025-01-07 07:00:00,11.58,11.78,11.39,11.44,7306000
2025-01-08 07:00:00,11.29,11.58,11.29,11.49,6707400
2025-01-09 07:00:00,11.49,11.58,11.44,11.44,3515600
2025-01-10 07:00:00,11.44,11.49,11.05,11.1,10344300
2025-01-13 07:00:00,11.0,11.29,10.91,11.2,9509300
2025-01-14 07:00:00,11.2,11.2,10.91,10.91,5963300
2025-01-15 07:00:00,10.91,11.15,10.91,11.1,5751100
2025-01-16 07:00:00,11.34,11.88,11.25,11.88,19602200
2025-01-17 07:00:00,11.88,11.88,11.68,11.78,5313500
2025-01-20 07:00:00,11.83,11.92,11.54,11.58,8856800
2025-01-21 07:00:00,11.63,11.83,11.58,11.58,7311800
2025-01-22 07:00:00,11.63,11.68,11.34,11.34,7703800
2025-01-23 07:00:00,11.39,11.83,11.34,11.63,8136600
2025-01-24 07:00:00,11.73,11.73,11.58,11.63,5411600
2025-02-03 07:00:00,11.58,11.58,11.25,11.25,13595900
2025-02-04 07:00:00,11.39,12.02,11.34,12.02,19389000
2025-02-05 07:00:00,12.21,12.36,11.97,12.07,15791500
2025-02-06 07:00:00,12.21,12.75,12.17,12.51,21483200
2025-02-07 07:00:00,12.6,12.6,12.31,12.41,7690700
2025-02-10 07:00:00,12.31,12.41,12.17,12.21,12048700
2025-02-11 07:00:00,12.21,12.36,12.17,12.26,8102000
2025-02-12 07:00:00,12.26,12.55,12.26,12.31,7634600
2025-02-13 07:00:00,12.31,12.36,12.17,12.26,8845900
2025-02-14 07:00:00,12.36,12.51,12.31,12.36,11913100
2025-02-17 07:00:00,12.41,12.89,12.36,12.7,24770300
2025-02-18 07:00:00,12.7,12.89,12.65,12.8,11299900
2025-02-19 07:00:00,12.8,12.94,12.75,12.89,14340500
2025-02-20 07:00:00,12.89,13.09,12.89,12.99,16395500
2025-02-21 07:00:00,12.99,13.04,12.8,12.94,13158900
2025-02-24 07:00:00,12.75,13.18,12.7,13.14,18743900
2025-02-25 07:00:00,13.18,13.52,13.14,13.28,22963600
2025-02-26 07:00:00,13.38,13.47,13.23,13.33,12730700
2025-02-27 07:00:00,13.38,13.38,12.99,13.23,17472700
2025-02-28 07:00:00,13.28,13.47,13.14,13.18,12194300
2025-03-03 07:00:00,13.18,13.38,13.04,13.28,11880500
2025-03-04 07:00:00,13.14,13.28,12.89,13.14,13082200
2025-03-05 07:00:00,13.09,13.33,12.99,12.99,14961000
2025-03-06 07:00:00,13.04,13.38,12.99,13.38,20041300
2025-03-07 07:00:00,13.38,13.47,13.23,13.28,13978100
2025-03-10 07:00:00,13.47,14.01,13.43,13.67,31749600
2025-03-11 07:00:00,13.43,14.06,13.43,13.91,31164000
2025-03-12 07:00:00,14.06,14.74,13.91,14.64,63055400
2025-03-13 07:00:00,14.54,14.83,14.4,14.49,35482600
2025-03-14 07:00:00,14.44,14.69,14.44,14.49,24793400
2025-03-17 07:00:00,14.54,14.64,14.2,14.44,18809000
2025-03-18 07:00:00,14.54,14.78,14.3,14.74,28960400
2025-03-19 07:00:00,14.69,14.74,14.44,14.64,21721000
2025-03-20 07:00:00,14.54,14.78,14.49,14.69,24604300
2025-03-21 07:00:00,14.69,15.17,14.64,14.88,41076800
2025-03-24 07:00:00,14.88,15.12,14.83,15.12,22483700
2025-03-25 07:00:00,15.22,15.27,14.83,14.88,22181600
2025-03-26 07:00:00,14.78,15.03,14.69,14.78,20625300
2025-03-27 07:00:00,14.64,15.17,14.64,15.07,22568100
2025-03-28 07:00:00,15.12,15.41,15.07,15.22,27953000
2025-03-31 07:00:00,14.98,15.12,14.69,14.83,17176800
2025-04-01 07:00:00,14.93,15.12,14.78,14.93,12735800
2025-04-02 07:00:00,14.93,15.51,14.88,15.41,25629700
2025-04-03 07:00:00,14.69,14.78,14.35,14.35,37791900
2025-04-04 07:00:00,13.38,14.15,13.38,14.15,42002400
2025-04-08 07:00:00,13.77,13.86,13.18,13.18,16356700
2025-04-09 07:00:00,12.26,13.33,12.26,12.26,36984300
2025-04-10 07:00:00,13.09,13.09,13.09,13.09,1761900
2025-04-11 07:00:00,13.57,13.96,13.38,13.96,30553700
2025-04-14 07:00:00,14.25,14.93,14.2,14.88,21530800
2025-04-15 07:00:00,14.78,15.12,14.49,14.54,24138400
2025-04-16 07:00:00,14.54,14.98,14.54,14.74,20339700
2025-04-17 07:00:00,14.49,14.98,14.49,14.93,19094200
2025-04-18 07:00:00,15.03,15.7,14.88,15.17,41695100
2025-04-21 07:00:00,15.03,15.12,14.54,14.88,32833500
2025-04-22 07:00:00,14.69,14.69,13.86,14.54,59611100
2025-04-23 07:00:00,14.93,14.93,14.59,14.64,12124900
2025-04-24 07:00:00,14.64,14.78,14.25,14.44,13729000
2025-04-25 07:00:00,14.59,14.59,14.25,14.25,8149600
2025-04-28 07:00:00,14.35,14.44,14.2,14.35,8789000
2025-04-29 07:00:00,14.35,14.4,14.15,14.15,7436600
2025-05-05 07:00:00,14.44,14.44,14.01,14.4,9620500
2025-05-06 07:00:00,14.49,14.64,14.2,14.2,11292800
2025-05-07 07:00:00,14.2,14.3,14.01,14.11,7475200
2025-05-08 07:00:00,14.2,14.44,14.06,14.4,9023200
2025-05-09 07:00:00,14.44,14.74,14.4,14.44,12639800
2025-05-12 07:00:00,14.44,14.59,14.35,14.59,8155500
2025-05-13 07:00:00,14.78,14.98,14.59,14.69,13013500
2025-05-14 07:00:00,14.78,15.03,14.54,14.83,21492500
2025-05-15 07:00:00,14.98,15.12,14.74,14.93,13493000
2025-05-16 07:00:00,14.93,15.22,14.74,14.74,13484700
2025-05-19 07:00:00,14.78,14.78,14.35,14.35,15426900
2025-05-20 07:00:00,14.49,14.74,14.15,14.69,11562400
2025-05-21 07:00:00,14.74,14.98,14.54,14.93,22144400
2025-05-22 07:00:00,14.93,15.66,14.83,15.17,51376800
2025-05-23 07:00:00,15.22,15.32,15.03,15.07,12220300
2025-05-26 07:00:00,15.07,15.27,14.59,15.27,18950900
2025-05-27 07:00:00,15.37,15.85,15.27,15.7,42768100
2025-05-28 07:00:00,15.85,16.0,15.51,15.66,20039000
2025-05-29 07:00:00,15.66,15.8,15.27,15.27,26897900
2025-05-30 07:00:00,15.22,15.66,15.07,15.22,24409000
2025-06-02 07:00:00,15.27,15.85,15.12,15.85,29804900
2025-06-03 07:00:00,16.14,16.92,16.04,16.92,73325100
2025-06-04 07:00:00,16.92,17.16,16.77,16.77,23528200
2025-06-05 07:00:00,16.77,16.87,16.43,16.58,22777800
2025-06-06 07:00:00,16.48,16.48,15.85,15.95,47716200
2025-06-09 07:00:00,15.9,16.09,15.66,15.7,19893800
2025-06-10 07:00:00,15.7,16.09,15.61,15.8,20356900
2025-06-11 07:00:00,15.85,15.85,15.46,15.61,16111500
2025-06-12 07:00:00,15.8,16.19,15.75,16.0,24504600
2025-06-13 07:00:00,15.66,15.9,15.41,15.66,31063700
2025-06-16 07:00:00,15.56,16.29,15.56,16.29,17834300
2025-06-17 07:00:00,16.38,16.43,16.0,16.24,18137100
2025-06-18 07:00:00,16.19,16.38,16.0,16.0,15773300
2025-06-19 07:00:00,15.95,16.14,15.8,16.09,12285100
2025-06-20 07:00:00,16.19,16.38,16.0,16.14,12440900
2025-06-23 07:00:00,15.85,16.0,15.75,15.85,19949300
2025-06-24 07:00:00,16.2,16.95,16.1,16.85,46127500
2025-06-25 07:00:00,16.85,17.3,16.65,16.95,29826400
2025-06-26 07:00:00,16.9,17.15,16.5,17.15,19418400
2025-06-27 07:00:00,17.2,17.25,16.9,17.2,18773100
2025-06-30 07:00:00,17.35,17.45,17.05,17.2,20710300
2025-07-01 07:00:00,17.2,17.25,16.75,16.8,17636300
2025-07-02 07:00:00,16.8,17.65,16.75,17.5,34447800
2025-07-03 07:00:00,17.55,17.8,17.0,17.35,44498900
2025-07-04 07:00:00,17.35,17.45,17.1,17.2,14616600
2025-07-07 07:00:00,17.35,17.6,17.3,17.45,20063800
2025-07-08 07:00:00,17.6,18.15,17.5,17.8,28864800
2025-07-09 07:00:00,17.9,18.4,17.8,18.05,36605100
2025-07-10 07:00:00,18.2,18.2,17.75,17.8,21471200
2025-07-11 07:00:00,17.8,18.2,17.6,17.9,34311700
2025-07-14 07:00:00,18.05,18.05,17.4,17.85,21045400
2025-07-15 07:00:00,17.8,19.0,17.8,18.1,56097300
2025-07-16 07:00:00,18.1,18.6,17.9,18.5,28295000
2025-07-17 07:00:00,18.7,18.8,18.2,18.5,37902700
2025-07-18 07:00:00,18.6,18.9,18.25,18.55,29086200
2025-07-21 07:00:00,18.65,18.75,18.05,18.15,30763900
2025-07-22 07:00:00,18.0,19.15,17.85,19.1,53054000
2025-07-23 07:00:00,19.45,20.15,19.3,19.55,45145600
2025-07-24 07:00:00,19.7,19.8,19.2,19.8,32772900
2025-07-25 07:00:00,20.0,21.15,20.0,21.15,61884300
2025-07-28 07:00:00,21.9,22.6,21.85,22.6,40160400
2025-07-29 07:00:00,24.0,24.0,21.05,21.05,97514500
2025-07-30 07:00:00,21.65,22.4,21.0,22.3,58843400
2025-07-31 07:00:00,22.6,22.85,21.9,22.7,52788200
2025-08-01 07:00:00,22.3,22.95,21.5,22.2,55573100
2025-08-04 07:00:00,21.7,23.25,21.5,23.25,49148800
2025-08-05 07:00:00,23.5,24.15,21.8,23.7,82026300
2025-08-06 07:00:00,23.65,24.0,23.15,23.9,34878900
2025-08-07 07:00:00,24.1,24.15,23.35,23.55,33226400
2025-08-08 07:00:00,23.75,24.5,23.4,23.85,46262500
2025-08-11 07:00:00,24.0,24.8,23.6,24.65,40915500
2025-08-12 07:00:00,24.6,24.75,23.85,24.1,25870300
2025-08-13 07:00:00,24.3,24.35,23.2,23.85,54744600
2025-08-14 07:00:00,24.15,24.75,23.85,24.2,32891900
2025-08-15 07:00:00,24.4,25.5,24.0,24.7,61248700
2025-08-18 07:00:00,24.8,25.05,24.1,24.3,23541900
2025-08-19 07:00:00,24.3,25.1,24.1,24.75,49933300
2025-08-20 07:00:00,24.6,24.65,23.1,24.1,54224200
2025-08-21 07:00:00,24.15,24.9,24.05,24.1,47660400
2025-08-22 07:00:00,23.6,23.9,22.45,22.45,49191000
2025-08-25 07:00:00,22.8,23.2,21.2,21.5,33770600
2025-08-26 07:00:00,21.5,23.0,21.3,23.0,30063100
2025-08-27 07:00:00,23.5,24.45,23.25,23.8,55857600
2025-08-28 07:00:00,24.0,24.85,23.6,24.65,40025400
2025-08-29 07:00:00,25.05,26.35,25.05,26.35,75937800
2025-09-03 07:00:00,26.6,27.25,26.1,26.8,36060000
2025-09-04 07:00:00,26.9,27.05,26.3,26.8,30466400
2025-09-05 07:00:00,27.1,27.35,25.0,25.0,58546400
2025-09-08 07:00:00,24.7,25.5,24.05,24.05,63977600
2025-09-09 07:00:00,24.5,24.5,23.65,24.5,28517100
2025-09-10 07:00:00,24.8,24.95,24.15,24.2,18392200
2025-09-11 07:00:00,24.1,24.4,22.8,23.95,39705200
2025-09-12 07:00:00,24.15,24.25,23.85,23.9,16226100
2025-09-15 07:00:00,24.15,24.65,24.1,24.6,23776400
2025-09-16 07:00:00,25.2,25.2,24.0,24.1,29631800
2025-09-17 07:00:00,24.1,24.2,23.4,23.4,21247400
2025-09-18 07:00:00,23.6,23.7,23.0,23.35,30119200
2025-09-19 07:00:00,23.5,23.6,22.7,22.7,38863800
2025-09-22 07:00:00,22.8,22.9,21.85,22.15,38912000
2025-09-23 07:00:00,22.3,22.85,22.25,22.25,14683000
2025-09-24 07:00:00,22.3,23.1,22.0,23.1,20731600
2025-09-25 07:00:00,23.2,23.35,22.75,22.85,26783700
2025-09-26 07:00:00,22.8,22.9,22.1,22.3,22705800
2025-09-29 07:00:00,22.3,22.45,21.8,22.15,17837200
2025-09-30 07:00:00,22.15,22.8,21.95,22.45,20975500
2025-10-01 07:00:00,22.75,23.1,22.55,22.6,16958900
2025-10-02 07:00:00,22.85,22.95,22.15,22.15,13030500
2025-10-03 07:00:00,22.0,22.5,21.85,22.0,17538400
2025-10-06 07:00:00,22.4,23.5,22.3,23.5,34583200
2025-10-07 07:00:00,24.0,24.25,23.7,23.7,38612600
2025-10-08 07:00:00,24.65,24.65,23.6,23.85,40698200
2025-10-09 07:00:00,24.0,24.0,23.35,23.5,26791500
2025-10-10 07:00:00,23.75,24.25,23.5,23.65,24181500
2025-10-13 07:00:00,23.45,23.9,23.1,23.7,28622300
2025-10-14 07:00:00,24.25,24.55,23.3,23.35,43197000
2025-10-15 07:00:00,23.5,23.8,23.3,23.5,19137300
2025-10-16 07:00:00,23.7,23.9,23.35,23.8,27751600
2025-10-17 07:00:00,24.05,24.5,23.5,23.55,39797600
2025-10-20 07:00:00,23.5,23.8,21.95,21.95,33639500
2025-10-21 07:00:00,21.8,22.4,20.45,21.05,52873100
2025-10-22 07:00:00,21.4,21.4,20.0,20.95,32394700
2025-10-23 07:00:00,21.1,21.3,20.5,20.5,18295700
2025-10-24 07:00:00,20.3,20.65,19.85,20.2,30195100
2025-10-27 07:00:00,20.6,21.0,19.95,20.1,19760300
2025-10-28 07:00:00,20.15,20.8,20.0,20.75,17415200
2025-10-29 07:00:00,20.85,20.9,20.5,20.5,14111600
2025-10-30 07:00:00,20.7,20.7,20.0,20.0,17970700
2025-10-31 07:00:00,20.0,20.35,19.9,20.05,15033600
2025-11-03 07:00:00,20.05,20.2,18.8,18.8,29549500
2025-11-04 07:00:00,18.8,20.1,18.8,20.1,26953700
2025-11-05 07:00:00,20.15,20.35,19.95,19.95,10954000
2025-11-06 07:00:00,20.05,20.05,19.5,19.6,11663500
2025-11-07 07:00:00,19.55,19.75,18.85,18.9,17842900
2025-11-10 07:00:00,18.9,19.7,18.75,19.05,16717900
2025-11-11 07:00:00,19.4,19.5,19.05,19.4,9953400
2025-11-12 07:00:00,19.6,20.1,19.4,19.9,19016600
2025-11-13 07:00:00,19.95,19.95,19.5,19.6,9059900
2025-11-14 07:00:00,19.55,19.95,19.4,19.65,11523700
2025-11-17 07:00:00,19.75,19.95,19.6,19.9,13473800
2025-11-18 07:00:00,20.05,20.5,20.0,20.15,22820500
2025-11-19 07:00:00,20.15,20.2,19.4,19.4,24710400
2025-11-20 07:00:00,19.55,19.6,19.3,19.35,8631000
2025-11-21 07:00:00,19.3,19.3,18.95,19.1,11627300
2025-11-24 07:00:00,19.25,19.45,18.8,18.8,10557300
2025-11-25 07:00:00,19.0,19.1,18.15,18.2,21919800
2025-11-26 07:00:00,18.4,19.2,18.3,18.8,16306700
2025-11-27 07:00:00,18.9,19.15,18.75,18.75,11455300
2025-11-28 07:00:00,18.8,18.85,18.4,18.4,8872800
2025-12-01 07:00:00,18.6,18.6,18.2,18.2,9607400
2025-12-02 07:00:00,18.25,18.9,18.2,18.7,13453100
2025-12-03 07:00:00,18.8,19.1,18.7,19.0,10171200
2025-12-04 07:00:00,19.2,19.7,19.15,19.3,15517800
2025-12-05 07:00:00,19.4,19.45,19.0,19.0,11084900
2025-12-08 07:00:00,19.0,19.15,18.7,18.7,7743000
2025-12-09 07:00:00,18.7,18.85,18.25,18.6,14823700
2025-12-10 07:00:00,18.7,19.0,18.55,18.6,7770200
2025-12-11 07:00:00,18.7,18.9,18.5,18.6,7543600
2025-12-12 07:00:00,18.65,18.8,17.5,17.5,16560100
2025-12-15 07:00:00,17.7,17.95,17.5,17.7,9804800
2025-12-16 07:00:00,17.7,18.9,17.45,18.9,17912200
2025-12-17 07:00:00,18.9,19.2,18.75,18.85,16161700
2025-12-18 07:00:00,18.9,19.5,18.8,19.35,21201100
2025-12-19 07:00:00,19.4,19.85,19.25,19.85,26362600
2025-12-22 07:00:00,20.0,20.0,19.6,20.0,20667800
2025-12-23 07:00:00,20.0,20.1,19.5,19.95,18711700
2025-12-24 07:00:00,19.85,20.4,19.65,20.4,21899400
2025-12-25 07:00:00,20.3,20.55,20.0,20.0,16156400
2025-12-26 07:00:00,19.75,20.15,19.25,20.0,22010800
2025-12-29 07:00:00,20.0,20.05,19.55,19.8,8883400
2025-12-30 07:00:00,19.75,20.0,19.5,19.7,8305800
2025-12-31 07:00:00,19.7,19.8,19.35,19.45,9532900
